filename,LCD,PLD,LFPD,cm3_g,ASA_m2_cm3,ASA_m2_g,NASA_m2_cm3,NASA_m2_g,AV_VF,AV_cm3_g,NAV_cm3_g,Has_OMS,Metal 1,Percent 1,Metal 2,Percent 2,Hydrophobic / Hydrophilic
ABEMIF_clean,11.25251,6.80253,11.25251,1.15199,1273.12,1105.15,476.471,413.607,0.6464,0.561117,0,Yes,Cu,0.150950298,Cu,0.150950298,0
ac403674p_si_001_clean,8.50423,8.27985,8.50423,1.12072,1220.76,1089.26,0,0,0.5906,0.526983,0,No,Zn,0.089179516,Zn,0.089179516,0
ADOBAX_charged,5.54673,3.76596,5.40967,1.63796,473.584,289.129,302.973,184.969,0.4676,0.285476,0,No,Mn,0.050100717,V,0.371648571,0
ADOBEB_charged,5.50949,3.76943,5.39841,1.63796,473.912,289.33,302.371,184.601,0.4672,0.285232,0,No,Mn,0.050100717,V,0.371648571,0
ADOBOL_charged,5.48974,3.85295,5.48822,1.71617,456.212,265.831,117.606,68.528,0.454,0.264542,0,No,V,0.370299431,Co,0.053548993,0
ADOBUR_charged,5.46006,3.86825,5.45816,1.70055,447.493,263.145,230.14,135.332,0.456,0.268148,0,Yes,V,0.373169916,Ni,0.053744519,0
ADOCAY_charged,5.42744,3.86629,5.34035,1.70055,445.108,261.743,229.886,135.183,0.4564,0.268383,0,Yes,V,0.373169916,Ni,0.053744519,0
ADOCIG_charged,5.38376,3.83937,5.38376,1.74701,444.689,254.543,241.736,138.371,0.4538,0.259758,0,Yes,V,0.363046335,Ni,0.052286505,0
ALICEE_clean,8.89229,8.87656,8.89229,1.69743,1244,732.874,0,0,0.594,0.349942,0,Yes,Cu,0.291713083,Cu,0.291713083,0
ALICII_clean,9.46461,9.44604,9.46461,1.508,1380.75,915.616,0,0,0.6294,0.417375,0,Yes,Cu,0.291713083,Cu,0.291713083,0
am301365h_si_002_clean,11.58637,3.48934,11.58637,0.907013,1494.34,1647.54,0,0,0.6382,0.703628,0,No,Zn,0.14238301,Zn,0.14238301,0
AMAFOK_clean,6.60314,5.66314,6.60314,1.49249,870.16,583.026,0,0,0.4392,0.294274,0,Yes,Cu,0.102583557,Cu,0.102583557,0
AMAFUQ_clean,6.75078,5.80845,6.73622,1.48103,921.285,622.056,0,0,0.4398,0.296955,0,Yes,Cu,0.102583557,Cu,0.102583557,0
AMAGAX_clean,6.93247,6.0951,6.93247,1.45916,960.382,658.174,0,0,0.4598,0.315113,0,Yes,Cu,0.102583557,Cu,0.102583557,0
AMEJIM_charged,7.39023,3.15795,6.9556,1.25739,0,0,915.403,728.018,0.5066,0.402898,0,Yes,Fe,0.037674026,Cu,0.257215542,0
AMIKOX_clean,3.46941,2.69518,3.46727,1.4673,0,0,15.7447,10.7304,0.4072,0.277517,0,No,Cd,0.102611334,Cd,0.102611334,0
AMUCOB_clean,4.03891,3.31743,4.03891,1.59335,139.729,87.695,0,0,0.3372,0.21163,0,No,Ca,0.117753868,Ca,0.117753868,0
ATIBAG_clean,4.88713,3.88543,4.88713,1.64828,882.041,535.129,0,0,0.4606,0.279443,0,No,Mn,0.189478062,Mn,0.189478062,0
ATIBOU_clean,4.75824,3.95303,4.75824,1.66268,883.495,531.369,0,0,0.4562,0.274376,0,No,Mn,0.189478062,Mn,0.189478062,0
ATIBOU01_clean,5.12784,4.01813,5.11026,1.59271,1003.99,630.367,0,0,0.4816,0.302377,0,No,Mn,0.189478062,Mn,0.189478062,0
ATIBUA_clean,4.92972,3.79229,4.92858,1.6758,825.852,492.811,0,0,0.4524,0.269961,0,No,Mn,0.189478062,Mn,0.189478062,0
ATICAH_clean,5.2478,3.97372,5.19698,1.59515,971.718,609.171,0,0,0.4788,0.30016,0,No,Mn,0.189478062,Mn,0.189478062,0
ATICEL_clean,4.9438,3.91943,4.9438,1.60993,940.703,584.311,0,0,0.4708,0.292434,0,No,Mn,0.189478062,Mn,0.189478062,0
AVEMOE_clean,3.54418,2.93434,3.54418,2.16979,0,0,87.8659,40.4952,0.4298,0.198084,0,Yes,Ag,0.277373037,Ag,0.277373037,0
AVEROJ_clean,7.02712,6.81539,7.02712,1.69759,1573.72,927.034,0,0,0.5918,0.348612,0,No,Cd,0.260310388,Cd,0.260310388,0
AVOSIO_charged,10.84161,9.61852,10.84161,1.06031,1178.11,1111.1,0,0,0.5728,0.540219,0,Yes,Ag,323.6046,Ag,323.6046,0
BARZAW_clean,7.73837,2.55685,7.73837,1.4812,0,0,474.604,320.418,0.3868,0.26114,0,Yes,Zn,0.091145325,Zn,0.091145325,0
BARZIE_clean,7.74818,2.59314,7.74818,1.44336,0,0,484.289,335.528,0.3822,0.264798,0,No,Co,0.083661728,Co,0.083661728,0
BARZOK_clean,7.65896,2.7399,7.6464,1.45609,0,0,478.144,328.376,0.3942,0.270726,0,No,Cu,0.089043898,Cu,0.089043898,0
BEPMAM_clean,10.35764,10.23297,10.35764,0.893987,1370.16,1532.64,0,0,0.63,0.704708,0,Yes,Zn,0.133658245,Zn,0.133658245,0
BEPMEQ_clean,10.23749,10.11334,10.23749,1.01266,1131.28,1117.13,0,0,0.6084,0.600792,0,No,Zn,0.116737909,Zn,0.116737909,0
BEPMIU_clean,10.07029,9.95473,10.07029,1.02149,1143.41,1119.35,0,0,0.6036,0.590899,0,No,Zn,0.116737909,Zn,0.116737909,0
BEPNIV_clean,10.32219,10.19883,10.32219,0.893387,1335.35,1494.71,0,0,0.6494,0.726897,0,Yes,Zn,0.13421138,Zn,0.13421138,0
BEPNOB_clean,10.36311,10.23127,10.36311,0.890303,1334.01,1498.37,0,0,0.6478,0.727618,0,Yes,Zn,0.13421138,Zn,0.13421138,0
BEPNUH_clean,10.32563,10.2098,10.32563,1.16569,1103.61,946.742,0,0,0.6056,0.519521,0,No,Zn,0.100744877,Zn,0.100744877,0
BEPPAP_clean,9.9082,9.78954,9.90791,1.03173,1157.48,1121.89,0,0,0.5902,0.57205,0,No,Zn,0.116737909,Zn,0.116737909,0
BEPPIX_clean,9.77409,9.63706,9.77409,0.990438,1290.67,1303.13,0,0,0.592,0.597716,0,Yes,Zn,0.11990478,Zn,0.11990478,0
BEQFEK_clean,10.54574,10.45121,10.54574,1.07568,744.736,692.34,42.6704,39.6684,0.5316,0.4942,0,Yes,Co,0.08829877,Co,0.08829877,0
BIMDOR_charged,9.55327,8.36638,9.55327,1.61567,1049.28,649.439,0,0,0.5078,0.314297,0,Yes,Zn,0.153888815,Zn,0.153888815,0
BUSGIG_clean,3.66162,3.28712,3.64153,2.2113,0,0,92.1728,41.6826,0.3462,0.156559,0,Yes,Dy,0.291077794,Cu,0.113826643,0
BUSGOM_clean,3.72213,3.32278,3.72213,2.12051,125.848,59.3477,0,0,0.3518,0.165903,0,Yes,Sm,0.275319063,Cu,0.116356911,0
BUSMUY_clean,7.33953,5.89637,7.33953,1.15869,889.646,767.801,0,0,0.5118,0.441704,0,No,Co,0.058535714,Co,0.058535714,0
BUSNAF_clean,7.07895,5.43293,7.07895,1.23597,749.429,606.348,0,0,0.4656,0.376708,0,No,Co,0.055445746,Co,0.055445746,0
BUVWOF02_clean,7.02744,5.38791,7.02744,1.22872,811.616,660.538,0,0,0.4574,0.372258,0,No,Fe,0.055810732,Fe,0.055810732,0
BUVXOG_clean,6.82532,5.20998,6.82532,1.26745,776.672,612.785,0,0,0.469,0.370036,0,No,Fe,0.055810732,Fe,0.055810732,0
BUVXOG01_clean,7.07915,5.43032,7.07915,1.22578,806.407,657.875,0,0,0.4748,0.387346,0,No,Fe,0.055810732,Fe,0.055810732,0
CABQEB_clean,3.76405,2.70603,3.75456,1.6391,0,0,159.771,97.4753,0.4366,0.266366,0,No,Co,0.18392897,Co,0.18392897,0
CADPII_clean,5.83331,5.05627,5.83331,2.03698,286.725,140.76,0,0,0.351,0.172314,0,Yes,Zn,0.175804201,Zn,0.175804201,0
CAYBAH_clean,5.32479,4.06579,5.06568,1.49428,1000.86,669.795,0,0,0.5026,0.33635,0,No,Cu,0.159132342,Cu,0.159132342,0
CAYBAH01_clean,5.44423,3.89177,5.44423,1.49968,743.818,495.985,0,0,0.4788,0.319268,0,No,Cu,0.159132342,Cu,0.159132342,0
CEGDUO_clean,4.82541,3.97638,4.82307,1.91831,724.949,377.909,0,0,0.4724,0.246258,0,Yes,Ag,0.285416651,Ag,0.285416651,0
CEGFAW_clean,4.76954,3.53933,4.76954,1.84478,851.951,461.818,0,0,0.4894,0.265289,0,Yes,Ag,0.285416651,Ag,0.285416651,0
CEHWOD_clean,3.34215,2.46178,3.34215,1.63561,0,0,0,0,0.4412,0.269746,0,Yes,Ni,0.135092324,Ni,0.135092324,0
CEHZAR_clean,2.9344,2.47894,2.9344,2.66997,0,0,0,0,0.366,0.13708,0,No,Cd,0.157732416,Cd,0.157732416,0
CEHZAR01_clean,2.93605,2.46944,2.93605,2.68508,0,0,0,0,0.355,0.132212,0,No,Cd,0.156845072,Cd,0.156845072,0
CEJBEA_clean,7.33038,5.85474,7.33038,1.57516,776.239,492.799,0,0,0.4492,0.285177,0,No,Dy,0.139557013,Dy,0.139557013,0
CESYEF_clean,3.28814,2.88315,3.28814,2.2285,0,0,0,0,0.3564,0.159928,0,Yes,Ag,0.234525454,Ag,0.234525454,0
CESYEF01_clean,3.18076,2.7668,3.18076,2.28452,0,0,0,0,0.3324,0.145501,0,Yes,Ag,0.234525454,Ag,0.234525454,0
cg300302n_si_004_clean,4.26728,3.40774,4.26728,1.22723,425.532,346.741,0,0,0.4466,0.363908,0,No,Co,0.061463884,Co,0.061463884,0
cg501560z_si_002_clean,9.02632,7.52711,9.02632,0.738263,2435.69,3299.23,0,0,0.7636,1.03432,0,No,Mn,0.148085713,Cr,0.140155692,0
CILDAD_clean,3.07453,2.50478,3.07453,2.20473,0,0,0,0,0.314,0.142421,0,Yes,Nd,0.267108879,Cu,0.117675163,0
CIQYUX_clean,3.59028,2.60872,3.57971,1.65981,0,0,43.865,26.4276,0.433,0.260873,0,No,Co,0.18392897,Co,0.18392897,0
cm071462f-file004_clean,6.42322,5.39187,6.42322,1.55223,1810.57,1166.43,0,0,0.6266,0.403676,0,No,Zn,0.181459779,Zn,0.181459779,0
cm501138g_si_002_clean,13.2781,6.68961,13.2781,0.886331,2090.67,2358.79,0,0,0.7192,0.811435,0,Yes,Cu,0.157585406,Cu,0.157585406,0
cm501138g_si_005_clean,13.193,6.5701,13.193,0.888496,2142.98,2411.92,0,0,0.7196,0.809908,0,Yes,Cu,0.157585406,Cu,0.157585406,0
cm501138g_si_006_clean,13.20287,6.64275,13.20287,0.881027,2105.19,2389.47,0,0,0.7198,0.817001,0,Yes,Cu,0.157585406,Cu,0.157585406,0
cm501138g_si_008_clean,13.18132,6.60546,13.18132,0.885001,2136.53,2414.16,0,0,0.72,0.813558,0,Yes,Cu,0.157585406,Cu,0.157585406,0
cm501138g_si_009_clean,13.19195,6.68183,13.19195,0.878773,2116.69,2408.69,0,0,0.7208,0.820234,0,Yes,Cu,0.157585406,Cu,0.157585406,0
cm501138g_si_010_clean,13.19966,6.69993,13.19966,0.880672,2105.24,2390.49,0,0,0.7198,0.81733,0,Yes,Cu,0.157585406,Cu,0.157585406,0
cm501138g_si_011_clean,13.25601,6.66924,13.25601,0.875822,2120.67,2421.34,0,0,0.7216,0.823911,0,Yes,Cu,0.157585406,Cu,0.157585406,0
cm501138g_si_012_clean,13.22876,6.69209,13.22876,0.883303,2102.85,2380.67,0,0,0.72,0.815122,0,Yes,Cu,0.157585406,Cu,0.157585406,0
CUIMDZ01_clean_h,4.5789,3.79593,4.57845,1.66764,167.634,100.522,0,0,0.381,0.228466,0,Yes,Cu,0.160722957,Cu,0.160722957,0
CUMDIY_clean,5.05781,4.25829,5.05781,2.01174,699.865,347.89,0,0,0.3956,0.196645,0,No,La,0.16938411,La,0.16938411,0
CUNFOH_clean,9.05758,5.6508,9.05758,1.63668,1779.69,1087.38,0,0,0.6298,0.384804,0,Yes,Cu,0.182027306,Cu,0.182027306,0
CUNFOH01_clean,8.64942,5.76711,8.00067,1.65261,1750.49,1059.23,0,0,0.639,0.38666,0,Yes,Cu,0.181503231,Cu,0.181503231,0
CURBOH_clean,9.52504,4.72038,9.52504,1.26402,1793.73,1419.06,0,0,0.654,0.517396,0,No,Zn,0.061981794,Zn,0.061981794,0
DENKOX_clean,2.98557,2.43384,2.95952,1.38639,0,0,0,0,0.3816,0.275248,0,No,Co,0.078306507,Co,0.078306507,0
DEYCAN_clean,4.56325,3.83897,4.56325,1.68779,175.998,104.277,0,0,0.3392,0.200973,0,No,Mn,0.090616153,Mn,0.090616153,0
DEYNIG_clean,4.67091,3.76726,4.63755,2.4194,389.97,161.184,0,0,0.4246,0.175498,0,Yes,Cu,0.138017674,Cu,0.138017674,0
DITYAH_clean,3.66891,2.48435,3.47136,1.11612,0,0,21.2828,19.0687,0.4374,0.391895,0,Yes,Co,0.057599287,Co,0.057599287,0
DOHYIJ_clean,3.65608,3.118,3.65608,2.12696,0,0,75.9452,35.706,0.3504,0.164742,0,Yes,Eu,0.27744124,Cu,0.116016168,0
DOHYIJ01_clean,3.73118,3.32777,3.7182,2.12494,111.385,52.4183,0,0,0.3552,0.167158,0,Yes,Eu,0.27744124,Cu,0.116016168,0
DOLXOR_clean,6.62226,5.36537,6.62226,1.08651,2583.31,2377.63,0,0,0.7438,0.684577,0,Yes,Cu,0.335272815,Cu,0.335272815,0
DOLXOR01_clean,6.62435,5.36027,6.62435,1.08308,2578.79,2380.98,0,0,0.7368,0.68028,0,Yes,Cu,0.335272815,Cu,0.335272815,0
DOLXOR02_clean,6.63462,5.37244,6.6246,1.07895,2591.9,2402.25,0,0,0.7454,0.690858,0,Yes,Cu,0.335272815,Cu,0.335272815,0
DOTSOV01_clean,13.26301,6.69713,13.26301,0.887291,2080.65,2344.95,0,0,0.7188,0.810107,0,Yes,Cu,0.157585406,Cu,0.157585406,0
DOTSOV02_clean,13.26432,6.68959,13.26235,0.887319,2082.75,2347.24,0,0,0.7188,0.810081,0,Yes,Cu,0.157585406,Cu,0.157585406,0
DOTSOV03_clean,13.26597,6.68839,13.26597,0.887047,2080.84,2345.8,0,0,0.7188,0.810329,0,Yes,Cu,0.157585406,Cu,0.157585406,0
DOTSOV04_clean,13.26738,6.6883,13.26738,0.886875,2082.58,2348.22,0,0,0.7186,0.810261,0,Yes,Cu,0.157585406,Cu,0.157585406,0
DOTSOV05_clean,13.26959,6.68848,13.26959,0.886631,2081.91,2348.11,0,0,0.7182,0.810032,0,Yes,Cu,0.157585406,Cu,0.157585406,0
DOTSOV06_clean,13.27192,6.68626,13.27192,0.886431,2082.73,2349.57,0,0,0.7186,0.810667,0,Yes,Cu,0.157585406,Cu,0.157585406,0
DOTSOV07_clean,13.27327,6.68664,13.27327,0.886331,2083.16,2350.32,0,0,0.7186,0.810758,0,Yes,Cu,0.157585406,Cu,0.157585406,0
DOTSOV08_clean,13.2756,6.68216,13.2756,0.885944,2081.79,2349.8,0,0,0.7186,0.811112,0,Yes,Cu,0.157585406,Cu,0.157585406,0
DOTSOV09_clean,13.27641,6.68243,13.27641,0.885873,2083.08,2351.45,0,0,0.7184,0.810952,0,Yes,Cu,0.157585406,Cu,0.157585406,0
DOTSOV10_clean,13.27765,6.68148,13.27765,0.88573,2081.9,2350.49,0,0,0.7186,0.811308,0,Yes,Cu,0.157585406,Cu,0.157585406,0
DOTSOV11_clean,13.27934,6.68059,13.27934,0.885573,2084.1,2353.4,0,0,0.7188,0.811678,0,Yes,Cu,0.157585406,Cu,0.157585406,0
DOTSOV12_clean,13.28234,6.68348,13.28234,0.885201,2082.01,2352.02,0,0,0.7184,0.811567,0,Yes,Cu,0.157585406,Cu,0.157585406,0
DOTSOV13_clean,13.28366,6.68259,13.28366,0.885044,2082.7,2353.22,0,0,0.7184,0.811711,0,Yes,Cu,0.157585406,Cu,0.157585406,0
DOTSOV14_clean,13.28208,6.68183,13.28208,0.885244,2082.7,2352.69,0,0,0.7184,0.811528,0,Yes,Cu,0.157585406,Cu,0.157585406,0
DOTSOV15_clean,13.28159,6.68348,13.28159,0.885201,2081.45,2351.39,0,0,0.7186,0.811793,0,Yes,Cu,0.157585406,Cu,0.157585406,0
DOTSOV16_clean,13.28131,6.68502,13.28131,0.885187,2082.05,2352.1,0,0,0.7186,0.811806,0,Yes,Cu,0.157585406,Cu,0.157585406,0
DOTSOV17_clean,13.27857,6.68675,13.27857,0.885515,2082.69,2351.95,0,0,0.7188,0.811731,0,Yes,Cu,0.157585406,Cu,0.157585406,0
DOTSOV18_clean,13.27736,6.68377,13.27736,0.885716,2082.13,2350.79,0,0,0.7188,0.811547,0,Yes,Cu,0.157585406,Cu,0.157585406,0
DOTSOV19_clean,13.27534,6.68868,13.27534,0.885987,2082.48,2350.47,0,0,0.7186,0.811073,0,Yes,Cu,0.157585406,Cu,0.157585406,0
DOTSOV20_clean,13.27345,6.68961,13.27345,0.886116,2083.1,2350.82,0,0,0.7194,0.811857,0,Yes,Cu,0.157585406,Cu,0.157585406,0
DOTSOV21_clean,13.27181,6.69237,13.27181,0.886388,2082.52,2349.44,0,0,0.7192,0.811383,0,Yes,Cu,0.157585406,Cu,0.157585406,0
DOTSOV22_clean,13.27173,6.6893,13.27173,0.886216,2082.93,2350.36,0,0,0.7188,0.811089,0,Yes,Cu,0.157585406,Cu,0.157585406,0
DOTSOV23_clean,13.26986,6.69008,13.26986,0.886402,2080.55,2347.19,0,0,0.7188,0.810918,0,Yes,Cu,0.157585406,Cu,0.157585406,0
DOTSOV24_clean,13.26793,6.69357,13.26793,0.88666,2082.19,2348.35,0,0,0.7196,0.811585,0,Yes,Cu,0.157585406,Cu,0.157585406,0
DOTSOV25_clean,13.264,6.69375,13.26203,0.887004,2081.69,2346.88,0,0,0.7194,0.811045,0,Yes,Cu,0.157585406,Cu,0.157585406,0
DOTSOV26_clean,13.26331,6.69332,13.26331,0.887119,2081.8,2346.7,0,0,0.72,0.811616,0,Yes,Cu,0.157585406,Cu,0.157585406,0
DOTSOV27_clean,13.25972,6.69595,13.25972,0.887405,2081.95,2346.11,0,0,0.7196,0.810904,0,Yes,Cu,0.157585406,Cu,0.157585406,0
DOTSOV28_clean,13.25974,6.69945,13.25974,0.887463,2081.85,2345.84,0,0,0.7196,0.810851,0,Yes,Cu,0.157585406,Cu,0.157585406,0
DOTSOV29_clean,13.26616,6.69375,13.26616,0.886216,2082.75,2350.16,0,0,0.7198,0.812217,0,Yes,Cu,0.157585406,Cu,0.157585406,0
DOTSOV30_clean,13.25298,6.68946,13.25298,0.888338,2081.34,2342.96,0,0,0.7192,0.809602,0,Yes,Cu,0.157585406,Cu,0.157585406,0
DOTSOV31_clean,13.25143,6.69884,13.25143,0.88841,2077.09,2337.98,0,0,0.7196,0.809987,0,Yes,Cu,0.157585406,Cu,0.157585406,0
DOTSOV32_clean,13.24122,6.6816,13.24122,0.889243,2082.52,2341.9,0,0,0.7196,0.809228,0,Yes,Cu,0.157585406,Cu,0.157585406,0
DOTSOV33_clean,13.24041,6.68888,13.24041,0.888884,2085.27,2345.94,0,0,0.7202,0.81023,0,Yes,Cu,0.157585406,Cu,0.157585406,0
DOTSOV34_clean,13.23175,6.68268,13.23175,0.889545,2085.57,2344.54,0,0,0.7198,0.809178,0,Yes,Cu,0.157585406,Cu,0.157585406,0
DOTSOV35_clean,13.22266,6.67789,13.22266,0.889243,2093.35,2354.09,0,0,0.72,0.809678,0,Yes,Cu,0.157585406,Cu,0.157585406,0
DOTSOV36_clean,13.20915,6.67176,13.20915,0.888898,2093.35,2355,0,0,0.7198,0.809767,0,Yes,Cu,0.157585406,Cu,0.157585406,0
DOTSOV37_clean,13.20524,6.68,13.20524,0.888682,2091.85,2353.88,0,0,0.7202,0.810413,0,Yes,Cu,0.157585406,Cu,0.157585406,0
DOTSOV38_clean,13.20372,6.66467,13.20372,0.888812,2088.91,2350.23,0,0,0.7196,0.80962,0,Yes,Cu,0.157585406,Cu,0.157585406,0
DOTSOV39_clean,13.20524,6.68742,13.20524,0.888682,2086.28,2347.61,0,0,0.7194,0.809513,0,Yes,Cu,0.157585406,Cu,0.157585406,0
DOTSOV40_clean,13.19872,6.6787,13.19872,0.889027,2095.52,2357.09,0,0,0.7204,0.810324,0,Yes,Cu,0.157585406,Cu,0.157585406,0
DOTSOV41_clean,13.1997,6.6872,13.1997,0.88874,2092.33,2354.27,0,0,0.7194,0.809461,0,Yes,Cu,0.157585406,Cu,0.157585406,0
DOTSOV42_clean,13.30996,6.67524,13.30996,0.88463,2046.37,2313.25,0,0,0.7158,0.809152,0,Yes,Cu,0.157585406,Cu,0.157585406,0
DUXZIG01_clean,5.85621,4.36648,5.85621,1.04686,2683.38,2563.27,0,0,0.6938,0.662743,0,Yes,Zn,0.286571634,Ni,0.257263131,0
EBEMEF_clean,4.2795,3.43566,4.27665,1.23366,1261.3,1022.41,0,0,0.6368,0.516186,0,Yes,Zn,0.286571634,Ni,0.257263131,0
EBEWOZ_clean,6.97737,6.58574,6.97737,1.6291,1496.43,918.562,0,0,0.5468,0.335646,0,No,Gd,0.215785184,Gd,0.215785184,0
EBEWOZ01_clean,6.97333,6.6098,6.97333,1.62762,1510.62,928.112,0,0,0.56,0.34406,0,No,Gd,0.215785184,Gd,0.215785184,0
ECIWUJ_clean,3.25413,2.62453,3.25413,1.49231,0,0,0,0,0.425,0.284793,0,Yes,Zn,0.106277837,Zn,0.106277837,0
ECOSIY_clean,3.93149,2.78811,3.93149,2.15491,0,0,216.705,100.563,0.39,0.180982,0,Yes,Co,0.299257496,Co,0.299257496,0
ECOTOG_clean,2.79526,2.4207,2.7765,1.83477,0,0,0,0,0.383,0.208745,0,No,Co,0.164851144,Co,0.164851144,0
ECUDIR_charged,5.33987,4.51439,5.31648,2.64413,741.105,280.284,75.85,28.6862,0.5,0.189098,0,No,U,0.282903703,U,0.282903703,0
EDAVOV_clean,5.43148,4.91725,5.43148,1.632,451.699,276.776,0,0,0.4036,0.247304,0,Yes,Cu,0.131999751,Cu,0.131999751,0
EDORIY_charged,6.08641,4.10073,6.08269,2.74632,690.446,251.407,0,0,0.433,0.157665,0,Yes,Cu,0.048499786,W,0.561243864,0
EDUSIF_clean,15.05124,7.91583,15.05124,0.593338,2225.74,3751.22,0,0,0.8098,1.36482,0,No,Zn,0.169847519,Zn,0.169847519,0
ELOFIU_charged,3.55229,2.84877,3.28059,1.18634,0,0,33.5616,28.2902,0.4898,0.412868,0,No,Ca,0.056413245,Ca,0.056413245,0
ELOZEK_clean,5.94525,5.24436,5.94525,2.80091,275.157,98.2384,0,0,0.3674,0.131171,0,Yes,Pb,0.277073246,Pb,0.277073246,0
ENAFAB_clean,11.6148,4.31195,11.6148,2.54245,1508.6,593.364,0,0,0.575,0.22616,0,Yes,Ni,0.035630027,W,0.669604168,0
EQIWAD_clean,3.10476,2.68358,3.09578,2.05517,0,0,0,0,0.3658,0.17799,0,No,Cd,112.414,Cd,112.414,0
ESIPUR_clean,4.97103,2.80803,4.93363,1.61916,0,0,182.982,113.011,0.3908,0.24136,0,No,Cu,0.048888298,Cu,0.048888298,0
ESIPUR02_clean,4.9703,2.81655,4.9703,1.61266,0,0,178.787,110.865,0.3892,0.24134,0,No,Cu,0.048888298,Cu,0.048888298,0
EXEXAH_clean,9.58473,9.08126,9.58473,0.865744,1381.13,1595.31,0,0,0.6118,0.706675,0,No,Co,0.091153015,Co,0.091153015,0
FAKLIO_clean,9.35143,8.40739,9.35026,0.753404,1654.42,2195.93,0,0,0.6524,0.865937,0,No,Mn,0.076043858,Mn,0.076043858,0
FAKLOU_clean,9.12795,8.03305,9.12795,0.879649,1631.51,1854.72,0,0,0.6538,0.743251,0,No,Cd,0.134241059,Cd,0.134241059,0
FAKMAH_clean,8.51474,7.6757,8.51474,0.756909,1726.74,2281.31,0,0,0.6586,0.870118,0,No,Mn,0.076043858,Mn,0.076043858,0
FALQEQ_clean,5.00067,3.16185,5.00067,1.96255,0,0,163.799,83.4619,0.3282,0.167231,0,No,La,0.195188595,Cu,0.133941318,0
FALQIU_clean,5.0787,3.13693,5.0787,1.97765,0,0,185.39,93.7424,0.3432,0.173539,0,No,Pr,0.197446545,Cu,0.133565537,0
FALQOA_clean,5.0567,3.07042,5.0567,2.00441,0,0,182.509,91.0533,0.3308,0.165036,0,No,Nd,0.201178827,Cu,0.132944389,0
FAPYEA_clean,2.53256,2.45635,2.53256,1.58244,0,0,0,0,0.3026,0.191223,0,No,Cu,0.073557125,Cu,0.073557125,0
FAPYEA04_clean,2.47016,2.40412,2.4581,1.58357,0,0,0,0,0.3048,0.192476,0,No,Cu,0.073557125,Cu,0.073557125,0
FARFIO_clean,9.12316,6.55123,9.12316,1.31137,1730.77,1319.82,0,0,0.6458,0.492464,0,No,Zn,0.061981794,Zn,0.061981794,0
FARFOU_clean,8.96134,6.03917,8.96134,1.3138,1736.65,1321.85,0,0,0.6496,0.494443,0,No,Zn,0.061981794,Zn,0.061981794,0
FARFUA_clean,8.43305,5.99885,8.43305,1.37514,1658.2,1205.84,0,0,0.6292,0.457553,0,No,Zn,0.061981794,Zn,0.061981794,0
FAZPED_clean,7.63868,5.99081,7.63868,1.64589,749.747,455.527,0,0,0.4048,0.245946,0,Yes,Co,0.134078218,Co,0.134078218,0
FEBQIO_clean,9.30311,6.68584,9.30311,0.891591,1887.48,2116.98,61.604,69.0945,0.6752,0.757298,0,No,Mn,0.130904763,Mn,0.130904763,0
FEXHOG_clean,3.07941,2.67569,3.07009,1.79558,0,0,0,0,0.3638,0.202609,0,Yes,Cu,0.117816103,Cu,0.117816103,0
FIQCEN_clean,13.18983,6.65676,13.18983,0.879099,2114.54,2405.35,0,0,0.7206,0.819703,0,Yes,Cu,0.157585406,Cu,0.157585406,0
FURRUG_ion_b,8.32809,6.43068,8.32781,1.55213,780.748,503.018,0,0,0.4718,0.30397,0,Yes,Ag,0.118513246,Ag,0.118513246,0
FURRUG01_ion_b,7.84736,6.96591,7.84736,1.57752,739.057,468.494,0,0,0.4582,0.290456,0,Yes,Ag,0.118513246,Ag,0.118513246,0
FURSAN_ion_b,5.57356,3.65267,5.57303,1.73391,313.063,180.553,5.52269,3.1851,0.4018,0.23173,0,Yes,Ag,0.106779683,Ag,0.106779683,0
FUYZAB_ion_b,5.21141,3.3233,5.07544,2.52362,430.151,170.45,0,0,0.3548,0.140592,0,No,Mo,0.402539808,Mn,0.057620505,0
GAQYIH_clean,20.25844,8.96976,15.7736,0.559917,2127.26,3799.24,0,0,0.8486,1.51558,0,Yes,Cd,0.273016505,Cd,0.273016505,0
GAXDIS10_clean,5.63603,3.80534,5.63603,1.31969,1996.73,1513.03,0,0,0.6636,0.502846,0,Yes,Cd,0.325918295,Cd,0.325918295,0
GETXAG_clean,3.33124,2.61042,3.22772,1.54101,0,0,0,0,0.3762,0.244126,0,Yes,Co,0.104068613,Co,0.104068613,0
GETXAG01_clean,3.334,2.6262,3.17422,1.56139,0,0,0.156206,0.100043,0.3642,0.233254,0,Yes,Co,0.103822208,Co,0.103822208,0
GIMSIG_clean,8.71143,5.70228,8.71143,1.44846,1502.61,1037.38,0,0,0.5786,0.399459,0,Yes,Cd,0.198931144,Cd,0.198931144,0
GITVIP_clean,17.00426,5.45561,17.00426,1.15485,1333.27,1154.5,0,0,0.6272,0.543101,0,No,Zn,0.096919565,Zn,0.096919565,0
GITVIP01_clean,17.01643,5.47286,16.98429,1.15485,1326.83,1148.92,0,0,0.6344,0.549335,0,No,Zn,0.096919565,Zn,0.096919565,0
GITZAM_clean,3.82434,2.6197,3.81833,1.41655,0,0,60.354,42.6062,0.4108,0.289999,0,No,Cd,0.092296804,Cd,0.092296804,0
GIWMOP_clean,2.94875,2.4541,2.94875,1.91597,0,0,0,0,0.3548,0.18518,0,No,Cd,0.161187824,Cd,0.161187824,0
GOJFAN_charged,16.63143,5.96233,15.15468,1.28609,2131.94,1657.69,0,0,0.7304,0.567923,0,Yes,U,0.267273009,U,0.267273009,0
GOTDIE_clean,4.73101,4.56435,4.72097,1.48128,186.327,125.788,8.43694,5.69572,0.3958,0.267202,0,No,Cd,0.071582471,Co,0.075054418,0
GUNFAW01_neutral,9.61074,7.33598,9.61074,0.662989,2371.82,3577.46,0,0,0.7958,1.20032,0,No,Mn,0.148085713,Cr,0.140155692,0
GUPBEZ_clean,7.29165,4.38863,7.03043,2.5399,489.614,192.769,0,0,0.4518,0.177881,0,Yes,Cu,0.128876439,Cu,0.128876439,0
GUPBEZ01_clean,7.4007,4.46712,7.4007,2.45415,544.976,222.063,0,0,0.466,0.189882,0,Yes,Cu,0.128876439,Cu,0.128876439,0
GUPBEZ02_clean,23.87093,10.84779,23.87093,0.911245,1630.75,1789.58,0,0,0.8024,0.880553,0,Yes,Cu,0.130183538,Cu,0.130183538,0
GUPCOK_clean,7.32716,4.70103,7.32716,1.09896,1318.86,1200.1,16.0832,14.635,0.6082,0.553434,0,No,Cd,0.185707583,Cd,0.185707583,0
GUPDIF_clean,4.74769,3.84638,4.74769,1.19855,639.589,533.636,14.6447,12.2187,0.5372,0.448208,0,No,Cd,0.169954463,Cd,0.169954463,0
GUPFAZ_clean,4.26834,2.97133,4.26834,1.22107,0,0,115.831,94.8603,0.468,0.383271,0,No,Zn,0.115233852,Zn,0.115233852,0
GURPUF_clean,9.46604,8.41122,9.46604,0.69659,2357.29,3384.04,0,0,0.789,1.13266,0,No,Mn,0.148085713,Cr,0.140155692,0
GUSNEN01_SL,2.85017,2.43486,2.84488,1.55695,0,0,0,0,0.4252,0.273099,0,No,Cr,0.111522608,Cr,0.111522608,0
GUXPUL_clean,2.79202,2.57902,2.78732,1.5951,0,0,0,0,0.3854,0.241614,0,Yes,Zn,0.069009659,Zn,0.069009659,0
GUXQAS_clean,2.78702,2.52285,2.71686,1.5983,0,0,0,0,0.3802,0.237878,0,Yes,Cu,0.067334536,Cu,0.067334536,0
HAHPIQ_charged,9.53782,8.62412,9.53782,1.59282,617.871,387.91,0,0,0.455,0.285657,0,Yes,Ag,0.182018586,Ag,0.182018586,0
HAZNON_clean,4.92903,2.60838,4.91802,2.01241,0,0,441.991,219.633,0.4286,0.212979,0,No,Cd,0.10738423,Cd,0.10738423,0
HEBPUB_charged,4.62579,2.88484,4.62579,1.73465,0,0,106.444,61.3633,0.4044,0.23313,0,No,Zn,0.134274952,Zn,0.134274952,0
HEBZAR_clean,7.80171,3.25572,7.80171,1.7151,0,0,1080.44,629.958,0.531,0.309603,0,No,Zn,0.110294242,Zn,0.110294242,0
HEBZEV_clean,7.75337,3.71,7.75337,1.46083,1219.98,835.125,0,0,0.5462,0.373897,0,No,Zn,0.129755691,Zn,0.129755691,0
HEFDIH_clean,4.92199,2.61069,4.92199,1.41969,0,0,196.276,138.252,0.3854,0.271467,0,No,Mn,0.118058982,Mo,0.103095765,0
HEFVAR_clean,4.22955,3.7824,4.22684,1.70241,256.239,150.515,0,0,0.3872,0.227442,0,Yes,Cu,0.16562507,Rh,0.107284365,0
HETZUC_charged,5.49154,3.80214,5.49154,1.70676,464.702,272.271,214.78,125.841,0.4578,0.268227,0,No,V,0.370299431,Co,0.053548993,0
HIBGIJ_clean,4.81263,3.80435,4.77754,1.65937,798.009,480.911,0,0,0.4498,0.271067,0,No,Mn,0.189478062,Mn,0.189478062,0
HIFTOG01_clean,15.08334,7.94194,15.08334,0.584242,2219.37,3798.71,0,0,0.8024,1.3734,0,No,Zn,0.169847519,Zn,0.169847519,0
HIFVUO01_clean,11.71277,3.2993,11.70939,0.83399,0,0,1688.38,2024.46,0.712,0.853727,0,No,Zn,0.163841581,Zn,0.163841581,0
HIFZAY_charged,4.52081,3.45842,4.52081,1.48786,347.115,233.298,0,0,0.4196,0.282015,0,Yes,Cu,190.638,Cu,190.638,0
HIQPEE_clean,3.8432,3.11973,3.8432,1.44017,0,0,94.3022,65.48,0.3932,0.273024,0,No,Co,0.119217266,Co,0.119217266,0
HIQPII_clean,3.86804,3.1238,3.86804,1.47254,0,0,116.717,79.2625,0.4132,0.280604,0,No,Zn,0.12889667,Zn,0.12889667,0
HIYBUN_clean,10.15365,9.81645,10.15365,1.11827,1552.73,1388.51,0,0,0.6486,0.580004,0,No,Zn,0.075424769,Zn,0.075424769,0
HOZTOG_clean,8.69843,6.41352,8.68476,1.38534,1756.27,1267.75,0,0,0.642,0.463424,0,No,Cu,0.195959689,W,0.094485961,0
HUSGAE_clean,3.16935,2.5287,3.16935,2.18731,0,0,0,0,0.384,0.175558,0,Yes,Cd,0.204739008,Cd,0.204739008,0
IBICAZ_clean,9.97802,9.8426,9.97802,1.0723,1065.95,994.074,0,0,0.5548,0.517392,0,No,Zn,0.10610777,Zn,0.10610777,0
IBICED_clean,10.07018,9.94208,10.07018,1.22593,1035.72,844.843,0,0,0.5562,0.453697,0,No,Zn,0.092727856,Zn,0.092727856,0
IBICIH_clean,9.99905,9.84285,9.99905,1.06849,1087.54,1017.83,0,0,0.5632,0.527098,0,No,Zn,0.10610777,Zn,0.10610777,0
IBICON_clean,10.09823,9.93982,10.09823,1.22363,1026.52,838.914,0,0,0.5488,0.448503,0,No,Zn,0.092727856,Zn,0.092727856,0
IBICUT_clean,10.14615,10.01365,10.14615,1.06845,1055.44,987.828,0,0,0.5594,0.523564,0,No,Zn,0.10610777,Zn,0.10610777,0
IBIDAA_clean,10.20779,10.07678,10.20779,1.21075,1056.26,872.4,0,0,0.5618,0.464009,0,No,Zn,0.092727856,Zn,0.092727856,0
ic025743v_s1_clean,5.43084,3.59671,5.41371,0.985749,2031.66,2061.03,0,0,0.67,0.679686,0,Yes,Cu,0.284729814,Cu,0.284729814,0
ic502725y_si_003_clean,3.45477,2.6706,3.27871,2.12455,0,0,8.20873,3.86374,0.392,0.184509,0,No,Th,0.207076788,Th,0.207076788,0
ic5028256_si_002_clean,11.37946,3.3255,11.37946,0.933117,1429.44,1531.9,0,0,0.6478,0.694232,0,No,Zn,0.143644321,Zn,0.143644321,0
IDIWOH_clean,7.68368,7.20536,7.68368,1.00037,1739.96,1739.31,0,0,0.631,0.630765,0,No,V,0.110236025,V,0.110236025,0
IDIWOH01_clean,7.68152,7.22488,7.67266,0.999675,1767.29,1767.87,0,0,0.639,0.639208,0,No,V,0.110236025,V,0.110236025,0
IDIWOH02_clean,7.5477,6.98727,7.5477,0.987987,1710.14,1730.93,0,0,0.6278,0.635434,0,No,V,0.110236025,V,0.110236025,0
IDIWOH03_clean,7.64088,7.10552,7.64088,0.987038,1729.75,1752.46,0,0,0.6304,0.638679,0,No,V,0.110236025,V,0.110236025,0
IDIWOH04_clean,7.62426,7.07604,7.62426,0.985551,1721.63,1746.87,0,0,0.6268,0.635989,0,No,V,0.110236025,V,0.110236025,0
IDIWOH05_clean,7.63044,7.0734,7.63044,0.987156,1746.76,1769.49,0,0,0.6278,0.635968,0,No,V,0.110236025,V,0.110236025,0
IDIWOH06_clean,7.62433,7.07316,7.62433,0.987154,1718.47,1740.83,0,0,0.6278,0.63597,0,No,V,0.110236025,V,0.110236025,0
IFUDAO_charged,2.97895,2.83776,2.96179,1.77234,0,0,0,0,0.4574,0.258077,0,No,Zr,0.154149797,Cd,0.189956538,0
IJOMOJ02_clean,4.94612,3.94412,4.94612,1.61514,940.431,582.259,0,0,0.469,0.290377,0,No,Mn,0.189478062,Mn,0.189478062,0
IJOMOJ04_clean,4.94277,3.96331,4.93761,1.6182,928.857,574.005,0,0,0.4686,0.28958,0,No,Mn,0.189478062,Mn,0.189478062,0
IJOMOJ06_clean,4.91242,3.9231,4.90838,1.62301,918.889,566.164,0,0,0.4676,0.288107,0,No,Mn,0.189478062,Mn,0.189478062,0
IJOMOJ07_clean,4.94225,3.94054,4.94225,1.61564,901.357,557.895,0,0,0.4678,0.289545,0,No,Mn,0.189478062,Mn,0.189478062,0
ILUFIF_clean,7.09777,3.09218,7.09763,1.56986,0,0,598.426,381.198,0.4914,0.313022,0,Yes,Eu,0.206563818,Co,0.120161343,0
ILUFOL_clean,7.10624,3.06586,7.10592,1.59676,0,0,603.154,377.736,0.4902,0.306997,0,Yes,Dy,0.217766594,Co,0.118464747,0
ILUFUR_clean,7.14136,3.0815,7.14136,1.56508,0,0,607.447,388.125,0.49,0.313083,0,Yes,Tb,0.214001349,Co,0.119034972,0
ILUGAY_clean,7.03145,2.93792,7.03145,1.64866,0,0,576.551,349.708,0.4854,0.29442,0,Yes,Yb,0.228666597,Co,0.116814004,0
IMIDZB02_clean,4.37093,2.43999,4.34993,1.54038,0,0,114.043,74.0357,0.4568,0.29655,0,No,Zn,0.163841581,Zn,0.163841581,0
IMIDZB04_clean,4.29532,2.42068,4.27552,1.56177,0,0,109.175,69.9047,0.4506,0.288519,0,No,Zn,0.163841581,Zn,0.163841581,0
IMIDZB06_clean,4.24241,2.43984,4.21972,1.60945,0,0,112.381,69.8256,0.4318,0.26829,0,No,Zn,0.163841581,Zn,0.163841581,0
IMIDZB08_clean,4.33721,2.41317,4.28328,1.54237,0,0,107.727,69.8447,0.4484,0.290721,0,No,Zn,0.163841581,Zn,0.163841581,0
IMIDZB10_clean,11.74145,3.30578,11.74145,0.83399,0,0,1687.04,2022.86,0.7112,0.852768,0,No,Zn,0.163841581,Zn,0.163841581,0
IPIFAP_clean,7.07203,5.90208,7.07203,1.44306,1593.23,1104.06,0,0,0.6048,0.419109,0,Yes,Ag,0.267891433,Ag,0.267891433,0
IQEWOQ_clean,5.16976,4.01341,5.16976,1.5881,979.709,616.905,0,0,0.4814,0.303129,0,No,Mn,0.189478062,Mn,0.189478062,0
IRAYUW_charged,4.51803,3.4192,4.51803,1.95402,330.465,169.121,62.4339,31.9515,0.4058,0.207675,0,Yes,V,0.145965894,V,0.145965894,0
ISAYOQ_charged,4.756,2.6132,4.75386,1.52346,0,0,232.583,152.668,0.4678,0.307064,0,Yes,Cu,0.03289529,Cu,0.03289529,0
ISIMAZ_clean,3.00707,2.46824,2.89927,1.43344,0,0,0,0,0.376,0.262306,0,No,Zn,0.072844524,Zn,0.072844524,0
ITAHEQ_clean,4.67457,4.1332,4.67457,1.77433,357.212,201.323,0,0,0.4132,0.232877,0,No,Eu,0.156559329,Eu,0.156559329,0
IXODUV_clean,6.94577,6.48704,6.94195,1.01181,1784.75,1763.93,0,0,0.629,0.621659,0,No,V,0.110236025,V,0.110236025,0
IXOFAD_clean,7.25204,6.74283,7.23817,1.01031,1741.08,1723.31,0,0,0.638,0.631491,0,No,V,0.110236025,V,0.110236025,0
IXOFEH_clean,7.08623,6.6722,7.07786,1.02717,1639.04,1595.68,0,0,0.6198,0.603404,0,No,V,0.110236025,V,0.110236025,0
IXOFIL_clean,7.14051,6.67398,7.10365,1.01557,1692.36,1666.42,0,0,0.624,0.614435,0,No,V,0.110236025,V,0.110236025,0
IXOFOR_clean,6.58573,6.10481,6.58573,1.02216,1741.26,1703.51,0,0,0.611,0.597752,0,No,V,0.110236025,V,0.110236025,0
IXOFUX_clean,7.08508,6.6128,7.06755,1.00152,1792.17,1789.44,0,0,0.6318,0.63084,0,No,V,0.110236025,V,0.110236025,0
IXOFUX01_clean,6.87071,6.41176,6.84188,1.00146,1800.87,1798.25,0,0,0.6308,0.629881,0,No,V,0.110236025,V,0.110236025,0
IYUREA_clean,3.19151,2.60973,3.19102,1.72919,0,0,0,0,0.3874,0.224035,0,Yes,Cu,0.141060549,Ni,0.130288661,0
IYUSAX_clean,3.24891,2.61272,3.23518,1.70754,0,0,0,0,0.3864,0.226291,0,Yes,Co,0.130751361,Cu,0.140985503,0
ja039022msi20031007_110612_clean,4.94587,4.56356,4.94587,1.87531,744.519,397.011,0,0,0.4438,0.236654,0,No,Zn,0.177197512,Zn,0.177197512,0
ja074366osi20070816_031204_clean,15.02646,7.9821,15.02646,0.595037,2203.3,3702.8,0,0,0.8104,1.36193,0,No,Zn,0.169847519,Zn,0.169847519,0
ja109659k_si_002_clean,11.09415,6.65734,11.09415,1.14966,1274.48,1108.58,493.769,429.493,0.6432,0.559472,0,Yes,Cu,0.150950298,Cu,0.150950298,0
ja204757x_si_002_clean,11.43366,3.15631,11.43366,0.918283,0,0,1406.49,1531.65,0.6336,0.689983,0,No,Zn,0.143644321,Zn,0.143644321,0
ja204757x_si_003_clean,11.34993,3.11942,11.34993,0.934021,0,0,1402.25,1501.3,0.6288,0.673219,0,No,Zn,0.143644321,Zn,0.143644321,0
ja206917z_si_001_clean,5.82674,4.72231,5.76849,1.30832,751.163,574.141,0.193696,0.148049,0.5654,0.432156,0,No,Mn,0.079963589,Cr,0.151363044,0
ja305196u_si_002_clean,2.92298,2.44439,2.92298,1.76481,0,0,0,0,0.44,0.249318,0,No,Zn,0.163098523,Zn,0.163098523,0
ja305196u_si_003_clean,2.89924,2.42534,2.89924,1.77399,0,0,0,0,0.437,0.246337,0,No,Zn,0.163098523,Zn,0.163098523,0
ja903726m_si_002_clean,12.24865,4.72993,12.24865,0.820334,2060.46,2511.73,0,0,0.6832,0.832831,0,No,Ti,0.122765802,Ti,0.122765802,0
ja4012707_si_003_clean,5.77734,4.61223,5.7686,1.06481,2227.7,2092.11,0,0,0.671,0.630159,0,No,Zn,0.288210608,Zn,0.288210608,0
ja4012707_si_004_clean,6.17779,4.90836,6.17779,0.978371,2446.9,2500.99,0,0,0.6772,0.692171,0,No,Zn,0.288210608,Zn,0.288210608,0
ja5063423_si_002_clean,10.81396,5.19047,10.74347,0.995074,2374.31,2386.06,0,0,0.7264,0.729996,0,Yes,Zn,0.215159568,Zn,0.215159568,0
JAHNEM_clean,3.4986,2.66157,3.4824,1.71463,0,0,3.89606,2.27224,0.3386,0.197477,0,No,Mn,0.241584583,Cr,0.076215892,0
JASNEX_clean,3.25557,2.72372,3.23347,1.49567,0,0,0,0,0.4068,0.271985,0,Yes,Zn,0.091402209,Zn,0.091402209,0
JIXWUJ_clean,4.9428,3.96901,4.93448,1.63196,890.669,545.765,0,0,0.469,0.287384,0,No,Mn,0.189478062,Mn,0.189478062,0
JIXWUJ01_clean,4.91458,3.91959,4.91458,1.63925,888.533,542.037,0,0,0.4672,0.285009,0,No,Mn,0.189478062,Mn,0.189478062,0
JOGBIR_clean,4.99322,2.70306,4.97739,2.08868,0,0,249.795,119.595,0.4296,0.20568,0,Yes,Cu,0.150539685,Cu,0.150539685,0
jp102463p_si_002_clean,7.50467,7.0978,7.502,1.02131,1655.17,1620.62,0,0,0.6276,0.614502,0,No,Cr,0.112006923,Cr,0.112006923,0
jz4002345_si_006_clean,8.7001,4.17817,8.7001,1.56011,1731.24,1109.69,0,0,0.5976,0.383051,0.000256393,No,Hf,0.244768383,Hf,0.244768383,0
KAHNOX_clean,6.67271,5.40663,6.66794,1.08519,2578.11,2375.72,0,0,0.741,0.682828,0,Yes,Cu,0.335272815,Cu,0.335272815,0
KAVTUY_clean,5.22962,4.08985,5.19903,2.0701,676.869,326.975,0,0,0.424,0.204821,0,Yes,Cu,0.174986736,Cu,0.174986736,0
KECRAL10_clean,7.14324,5.71599,7.14324,1.04513,2666.2,2551.06,0,0,0.762,0.729094,0,Yes,Cd,0.341787777,Cd,0.341787777,0
KEYFIF_clean,5.39696,4.89319,5.39696,1.63233,462.233,283.174,0,0,0.406,0.248725,0,Yes,Cu,0.131999751,Cu,0.131999751,0
KEYFIF01_clean,5.32692,4.83323,5.32692,1.64244,442.085,269.163,0,0,0.4018,0.244636,0,Yes,Cu,0.131999751,Cu,0.131999751,0
KIPKIF_clean,10.444,10.34598,10.4273,1.11052,737.798,664.375,39.685,35.7356,0.5474,0.492924,0,Yes,Zn,0.096101411,Zn,0.096101411,0
KONSAJ_clean,18.94329,3.74567,18.94329,1.10475,1183.2,1071.01,0,0,0.647,0.585652,0,Yes,Fe,0.083467286,Cu,0.189954773,0
KOSLEL_clean,10.95857,9.85075,10.95857,1.20305,1607.72,1336.37,0,0,0.652,0.541956,0,Yes,Ni,0.188431025,Ni,0.188431025,0
KOSLIP_clean,11.047,9.74411,11.047,1.19777,1578.73,1318.05,0,0,0.6514,0.543843,0,Yes,Ni,0.188431025,Ni,0.188431025,0
KOSLOV_clean,11.06557,9.9584,11.06504,1.19415,1597.55,1337.81,0,0,0.6546,0.54817,0,Yes,Ni,0.188431025,Ni,0.188431025,0
KUXTUT_clean,3.38642,3.17952,3.38142,1.53494,0,0,8.72603,5.68495,0.3762,0.245092,0,Yes,Cu,0.084540658,Cu,0.084540658,0
la4012839_si_002_auto,13.36908,6.74856,13.36908,0.867921,2110.92,2432.16,0,0,0.7182,0.827495,0,Yes,Zn,0.160671981,Zn,0.160671981,0
LABJUV_clean,5.11712,3.55603,5.11324,2.35598,595.818,252.896,0,0,0.4426,0.187862,0,Yes,Cu,0.118670181,Cu,0.118670181,0
LAJDUV_charged,2.77965,2.59206,2.77831,1.60255,0,0,0,0,0.4198,0.261957,0,No,Ti,0.098922469,Ti,0.098922469,0
LAJDUV01_charged,2.79185,2.5501,2.78038,1.59892,0,0,0,0,0.4118,0.25755,0,No,Ti,0.098922469,Ti,0.098922469,0
LAJDUV02_charged,2.78649,2.56299,2.77216,1.60178,0,0,0,0,0.4106,0.25634,0,No,Ti,0.098922469,Ti,0.098922469,0
LAJDUV03_charged,2.79651,2.54844,2.78519,1.59533,0,0,0,0,0.412,0.258255,0,No,Ti,0.098922469,Ti,0.098922469,0
LALYOO_clean,4.21788,2.72095,4.21772,2.02581,0,0,89.8756,44.3653,0.3778,0.186493,0,No,Cd,0.177839863,Cd,0.177839863,0
LARVIL_clean,7.34441,7.09707,7.34441,2.2234,869.863,391.232,0,0,0.5432,0.244311,0,Yes,Cu,0.133210647,Cu,0.133210647,0
LAVTEJ01_clean,6.91632,6.54454,6.91632,1.65406,1510.11,912.977,0,0,0.5664,0.342431,0,No,Dy,0.21982214,Dy,0.21982214,0
LAWGEW_clean,15.06244,7.93691,15.06244,0.591684,2230.24,3769.3,0,0,0.803,1.35714,0,No,Zn,0.169847519,Zn,0.169847519,0
LAWGIA_clean,15.0745,7.93652,15.0745,0.590588,2230.11,3776.08,0,0,0.8028,1.35932,0,No,Zn,0.169847519,Zn,0.169847519,0
LAWGOG_clean,15.0805,7.93827,15.0805,0.589428,2230.89,3784.84,0,0,0.8032,1.36268,0,No,Zn,0.169847519,Zn,0.169847519,0
LAWGUM_clean,15.09972,7.93483,15.09787,0.58881,2231.62,3790.06,0,0,0.8032,1.36411,0,No,Zn,0.169847519,Zn,0.169847519,0
LAZXOB_clean,9.34691,6.36719,9.34691,1.04439,1784.83,1708.97,0,0,0.6322,0.605329,0,Yes,Cu,0.1455403,Cu,0.1455403,0
LECQEQ_clean,11.46886,10.71142,11.46806,1.1941,1557.1,1303.99,0,0,0.6466,0.541496,0,Yes,Ni,0.188431025,Ni,0.188431025,0
LEDNIT_charged,4.72844,4.15581,4.72844,2.17734,316.677,145.442,0,0,0.4404,0.202265,0,No,Tm,0.217500546,Tm,0.217500546,0
LEJBUX_clean,6.30676,4.81909,6.30369,1.04776,2668.26,2546.63,0,0,0.7428,0.70894,0,Yes,Cd,0.350291042,Cd,0.350291042,0
LELCUB_clean,3.69106,2.4447,3.67162,1.66561,0,0,12.7869,7.67698,0.444,0.266568,0,Yes,Cu,0.201524771,Cu,0.201524771,0
LELCUB01_clean,3.91077,2.46105,3.9055,1.68019,0,0,29.129,17.3367,0.4512,0.26854,0,Yes,Cu,0.201524771,Cu,0.201524771,0
LENKIA_clean,11.49386,10.72802,11.47361,1.31034,1534.89,1171.37,0,0,0.6288,0.479875,0,Yes,Cu,0.197845512,Cu,0.197845512,0
LETFEW_clean,5.62477,4.46247,5.62476,2.12439,866.774,408.011,0,0,0.4658,0.219263,0,Yes,Cu,0.277274899,Cu,0.277274899,0
LIHSEB_clean,2.9747,2.43536,2.9599,2.43454,0,0,0,0,0.4394,0.180486,0,No,Cd,0.202216379,Cd,0.202216379,0
LIQJEC_clean,8.59986,6.07561,8.59986,1.33584,1720.59,1288.03,0,0,0.6236,0.466823,0,No,Zn,0.061981794,Zn,0.061981794,0
LIVTEP_charged,4.29529,3.65537,4.29474,1.45498,707.948,486.568,0,0,0.4962,0.341035,0,No,Cu,0.08217208,Cu,0.08217208,0
LIWXIZ_clean,4.12479,3.66059,4.10123,1.63001,136.604,83.8054,0,0,0.3614,0.221716,0,Yes,Zn,0.090393762,Zn,0.090393762,0
LUNBAX_clean,5.92168,4.6498,5.91414,1.91328,2588.47,1352.9,0,0,0.676,0.353321,0,Yes,Fe,0.099535814,W,0.6553376,0
LUNBEB_clean,5.83182,4.56735,5.65089,1.97905,2446.69,1236.29,0,0,0.6622,0.334605,0,Yes,Co,0.10446508,W,0.651750191,0
LUNBIF_clean,8.36527,6.6245,8.36354,1.86674,2385.2,1277.73,8.72646,4.67469,0.7178,0.38452,0,Yes,Zn,0.079422348,W,0.669975729,0
LUYHAP_clean,12.05622,6.74493,12.05603,0.618537,2287.3,3697.93,0,0,0.7716,1.24746,0,Yes,Cu,0.12674927,Cu,0.12674927,0
MADVUJ_clean,5.32382,4.69426,5.32382,1.65668,675.478,407.729,0,0,0.418,0.252311,0,No,Cu,0.068642801,Cu,0.068642801,0
MADWAQ_clean,5.18677,4.51055,5.17631,1.52314,635.031,416.921,0,0,0.412,0.270493,0,No,Cu,0.076400544,Cu,0.076400544,0
MEHPAQ_clean,3.09554,2.64049,3.09554,1.68847,0,0,0,0,0.4046,0.239626,0,Yes,Cu,0.152271638,Cu,0.152271638,0
MIBQAR_clean,15.09102,7.94876,15.09102,0.589235,2199.79,3733.3,0,0,0.8108,1.37602,0,No,Zn,0.169847519,Zn,0.169847519,0
MIBQAR01_clean,15.09334,7.95441,15.09334,0.589872,2199.6,3728.95,0,0,0.8106,1.3742,0,No,Zn,0.169847519,Zn,0.169847519,0
MIBQAR02_clean,15.08377,7.95705,15.07882,0.590375,2198.21,3723.41,0,0,0.8108,1.37336,0,No,Zn,0.169847519,Zn,0.169847519,0
MIBQAR03_clean,15.08046,7.94715,15.08046,0.591121,2200.28,3722.22,0,0,0.8102,1.37062,0,No,Zn,0.169847519,Zn,0.169847519,0
MIBQAR04_clean,15.07174,7.95678,15.07174,0.591383,2198.87,3718.18,0,0,0.8104,1.37035,0,No,Zn,0.169847519,Zn,0.169847519,0
MIBQAR05_clean,15.06944,7.95595,15.05344,0.592082,2197.73,3711.86,0,0,0.8102,1.36839,0,No,Zn,0.169847519,Zn,0.169847519,0
MIBQAR06_clean,15.07592,7.95659,15.07592,0.592452,2197.07,3708.44,0,0,0.8102,1.36754,0,No,Zn,0.169847519,Zn,0.169847519,0
MIBQAR07_clean,15.05956,7.95683,15.03118,0.592909,2196.69,3704.94,0,0,0.8102,1.36648,0,No,Zn,0.169847519,Zn,0.169847519,0
MIBQAR08_clean,15.05449,7.95706,15.05449,0.593318,2194.51,3698.7,0,0,0.8102,1.36554,0,No,Zn,0.169847519,Zn,0.169847519,0
MIBQAR10_clean,15.02988,7.96456,15.02988,0.594411,2192.92,3689.24,0,0,0.81,1.36269,0,No,Zn,0.169847519,Zn,0.169847519,0
MIBQAR11_clean,15.03541,7.96187,15.03541,0.594831,2195.77,3691.41,0,0,0.8098,1.36139,0,No,Zn,0.169847519,Zn,0.169847519,0
MIBQAR12_clean,15.03023,7.95939,15.03023,0.59534,2195.53,3687.86,0,0,0.8098,1.36023,0,No,Zn,0.169847519,Zn,0.169847519,0
MIBQAR13_clean,15.02547,7.95733,15.02547,0.595663,2194.76,3684.57,0,0,0.81,1.35983,0,No,Zn,0.169847519,Zn,0.169847519,0
MIBQAR14_clean,15.01814,7.96071,15.01814,0.596281,2194.22,3679.85,0,0,0.8096,1.35775,0,No,Zn,0.169847519,Zn,0.169847519,0
MIBQAR15_clean,15.01631,7.96131,15.0003,0.596428,2194.87,3680.03,0,0,0.8098,1.35775,0,No,Zn,0.169847519,Zn,0.169847519,0
MIBQAR16_clean,15.00006,7.9611,15.00006,0.597056,2195.04,3676.45,0,0,0.8098,1.35632,0,No,Zn,0.169847519,Zn,0.169847519,0
MIBQAR18_clean,14.9999,7.96708,14.98442,0.597794,2194.04,3670.23,0,0,0.8096,1.35431,0,No,Zn,0.169847519,Zn,0.169847519,0
MIBQAR19_clean,14.98276,7.9671,14.98276,0.598681,2192.1,3661.55,0,0,0.8094,1.35197,0,No,Zn,0.169847519,Zn,0.169847519,0
MIZKOW_clean,3.8316,3.43471,3.8316,1.99445,193.651,97.0949,0,0,0.3706,0.185815,0,Yes,La,0.259793983,Cu,0.118849664,0
MOBBIO_clean,5.66644,4.51564,5.66644,0.981281,2678.54,2729.64,0,0,0.6804,0.693379,0,No,Y,0.088405493,Y,0.088405493,0
MOCKEV_clean,10.91306,6.61562,10.91306,0.767829,2301.91,2997.95,0,0,0.734,0.955943,0,Yes,Cu,0.132023884,Cu,0.132023884,0
MODMOH_charged,4.80016,2.61164,4.79866,1.66795,0,0,513.641,307.947,0.4958,0.29725,0,No,Cd,0.267523969,Cd,0.267523969,0
MODMUN_charged,4.80445,2.55842,4.80445,1.7099,0,0,467.402,273.35,0.484,0.283057,0,No,Cd,0.265491031,Cd,0.265491031,0
MODNAU_charged,4.86966,3.5837,4.85998,1.61768,883.144,545.932,0,0,0.542,0.335048,0,Yes,Cd,0.27530094,Cd,0.27530094,0
MODNEY_charged,4.24468,3.58274,4.21866,1.70651,381.707,223.677,0,0,0.4698,0.275299,0,Yes,Cd,0.258007804,Cd,0.258007804,0
MODNIC_clean,5.24657,3.69518,4.6388,1.35865,1975.58,1454.07,0,0,0.6774,0.498582,0,Yes,Cd,0.324665748,Cd,0.324665748,0
MODNOI_ion_b,4.69367,3.76314,4.57829,1.59692,967.946,606.132,0.0371682,0.0232749,0.536,0.335646,0,Yes,Cd,0.27530094,Cd,0.27530094,0
MODNUO_ion_b,4.66372,3.69734,4.59177,1.60534,930.362,579.543,0.167447,0.104306,0.5352,0.333388,0,Yes,Cd,0.27530094,Cd,0.27530094,0
MODPAW_charged,5.25387,2.47064,5.25387,1.67942,0,0,395.962,235.773,0.4874,0.290219,0,No,Cd,0.267523969,Cd,0.267523969,0
MODPEA_charged,5.29068,2.46235,5.29068,1.67149,0,0,406.828,243.392,0.4892,0.292672,0,Yes,Cd,0.267523969,Cd,0.267523969,0
MUPYUS_clean,3.48335,2.65632,3.45516,2.27091,0,0,2.81663,1.24031,0.4178,0.183979,0,Yes,Cd,0.22261932,Cd,0.22261932,0
NABCIE_clean,3.55623,2.59798,3.54882,1.29401,0,0,14.812,11.4466,0.4134,0.319473,0,No,Co,0.063865944,Co,0.063865944,0
NASCIV_clean,4.05573,2.79544,4.05573,2.15823,0,0,55.7068,25.8114,0.4162,0.192843,0,No,Cd,0.218692792,Cd,0.218692792,0
NEGGOX_clean,5.958,4.78851,5.958,1.0465,1755.04,1677.06,0,0,0.62,0.592452,0,Yes,Mn,0.238899747,Mn,0.238899747,0
NEYYOG_clean,12.40074,10.67498,12.40074,2.29878,647.592,281.711,0,0,0.4982,0.216724,0,Yes,Cu,0.128876439,Cu,0.128876439,0
NIBBOR_clean,4.76941,2.47069,4.76941,2.0285,0,0,155.525,76.6701,0.3844,0.1895,0,Yes,Ba,0.297843499,Cu,0.137822591,0
NICJOA_clean,5.23642,4.20266,5.23642,2.06216,363.775,176.405,0,0,0.3588,0.173993,0,Yes,Ba,0.286643734,Cu,0.132640069,0
NIJZIP_clean,9.04941,7.56212,9.04941,1.42787,1214.86,850.82,0,0,0.5802,0.406339,0,Yes,Nd,0.231276396,Cu,0.152833674,0
NIJZOV_clean,8.62609,7.08161,8.6236,1.5406,1133.11,735.501,0,0,0.5798,0.376347,0,Yes,Er,0.258636606,Cu,0.147394057,0
NIMTEJ_clean,3.06948,2.48242,3.06437,2.15717,0,0,0,0,0.3204,0.148528,0,Yes,Ce,0.261466058,Cu,0.118581191,0
NIMVEL_clean,3.05226,2.43205,3.04682,2.1389,0,0,0,0,0.3222,0.150638,0,Yes,La,0.259793983,Cu,0.118849664,0
NIMVIP_clean,3.06384,2.47616,3.06108,2.18009,0,0,0,0,0.3174,0.14559,0,Yes,Pr,0.262555479,Cu,0.11840627,0
NIMWUD_clean,4.74884,3.19761,4.72938,1.70114,0,0,559.822,329.086,0.4342,0.25524,0,No,Cd,0.12935676,Cd,0.12935676,0
NINHOH_clean,6.49972,5.39746,6.49972,1.04902,2642.26,2518.78,0,0,0.76,0.724483,0,Yes,Cd,0.341787777,Cd,0.341787777,0
NIVNOW_clean,4.9886,3.10602,4.9886,1.76087,0,0,889.731,505.28,0.502,0.285087,0,Yes,Cu,0.16799467,W,0.324008227,0
NIVNUC_clean,5.02349,3.15608,4.44899,1.74877,0,0,914.58,522.985,0.5046,0.288546,0,Yes,Cu,0.16799467,W,0.324008227,0
NOKLIJ_clean,11.48526,10.66621,11.48526,1.19832,1550.1,1293.56,0,0,0.646,0.539086,0,Yes,Ni,0.188431025,Ni,0.188431025,0
NUTQAV_clean,10.89201,6.87272,10.20477,0.722737,2294.74,3175.06,0,0,0.7432,1.02831,0,Yes,Cu,0.133128025,Cu,0.133128025,0
OCIYUW_charged,8.80231,6.58286,8.80231,1.78935,948.405,530.028,0,0,0.4744,0.265124,0,Yes,Ag,0.138667186,Ag,0.138667186,0
OFERUN_clean,11.51766,3.43919,11.48105,0.924676,1442.14,1559.62,0,0,0.6416,0.693865,0,No,Zn,0.143644321,Zn,0.143644321,0
OFERUN02_clean_h,11.42938,3.12691,11.42938,0.92153,0,0,1377.79,1495.11,0.6302,0.683863,0,No,Zn,0.14375044,Zn,0.14375044,0
OFERUN03_clean,11.46292,3.40962,11.46292,0.924148,1470.74,1591.45,0,0,0.649,0.702268,0,No,Zn,0.143644321,Zn,0.143644321,0
OFERUN04_clean,11.44119,3.48468,11.44119,0.914254,1502.2,1643.09,0,0,0.6524,0.713587,0,No,Zn,0.143644321,Zn,0.143644321,0
OFERUN06_clean,11.42842,3.43062,11.4146,0.893311,1495.78,1674.42,0,0,0.6708,0.750915,0,No,Zn,0.147565996,Zn,0.147565996,0
OFIWIK_charged,4.19782,3.14416,4.19782,1.86702,0,0,44.4566,23.8115,0.3914,0.209639,0,No,Zn,0.136888011,Zn,0.136888011,0
OFIWIK01_charged,5.19003,2.86444,5.19003,1.71356,0,0,121.087,70.664,0.4114,0.240084,0,No,Zn,0.136888011,Zn,0.136888011,0
OFIWOQ_charged,4.86035,3.57261,4.86035,1.84027,155.627,84.5674,0.241527,0.131245,0.4046,0.219859,0,No,Zn,0.14246677,Zn,0.14246677,0
OFOCUI_clean,11.39371,7.77962,11.39371,0.789274,2336.11,2959.83,0,0,0.7236,0.916792,0,Yes,Cu,0.132023884,Cu,0.132023884,0
OFUDUQ_clean,3.67442,3.07956,3.67442,1.56733,0,0,94.2383,60.1265,0.3866,0.246661,0,Yes,Co,0.083916002,Co,0.083916002,0
OFUSAL_clean,3.6125,2.80456,3.6125,1.7346,0,0,115.801,66.7598,0.4348,0.250663,0,Yes,Ag,0.181544362,Ag,0.181544362,0
OFUSEP_clean,4.18909,2.4539,4.18909,1.98367,0,0,305.157,153.834,0.4674,0.235623,0,Yes,Ag,0.26637204,Ag,0.26637204,0
OKABAE_clean,14.07417,9.53484,14.07417,0.650845,2097.18,3222.24,0,0,0.77,1.18308,0,Yes,Cu,0.125251636,Cu,0.125251636,0
OSILOS_charged,4.79761,4.69593,4.79573,1.75408,479.152,273.164,0,0,0.3838,0.218804,0,Yes,Cu,0.086472437,Cu,0.086472437,0
OTARUX_clean,2.79538,2.7264,2.79538,1.99202,0,0,0,0,0.289,0.145079,0,No,Ag,0.096667839,Ag,0.096667839,0
OTARUX01_clean,2.7342,2.6786,2.7342,1.98479,0,0,0,0,0.288,0.145103,0,No,Ag,0.096667839,Ag,0.096667839,0
OTARUX02_clean,2.7982,2.75134,2.78773,1.97836,0,0,0,0,0.2876,0.145373,0,No,Ag,0.096667839,Ag,0.096667839,0
OWIVEW_clean,6.90505,4.44241,6.89724,0.826737,2998.63,3627.06,0,0,0.729,0.88178,0,No,Mn,0.075179111,Mn,0.075179111,0
PACZUQ_clean,6.93068,4.23947,6.93068,1.54491,905.644,586.213,0,0,0.4772,0.308886,0,No,Pr,0.17390955,Pr,0.17390955,0
PADBAZ_charged,7.27183,4.3116,7.03101,1.80524,823.314,456.069,0,0,0.447,0.247613,0,No,Nd,0.148910647,Nd,0.148910647,0
PAPRUU_clean,7.39284,4.83476,7.39284,1.80811,810.66,448.345,0,0,0.438,0.242241,0,No,La,0.22396646,Ni,0.141952866,0
PARFOF_clean_h,2.76615,2.45829,2.64934,1.54104,0,0,0,0,0.3688,0.239319,0,No,V,0.090605674,V,0.090605674,0
PEBNEP_clean,4.70974,3.99855,4.70974,1.47945,319.51,215.966,0,0,0.4064,0.274697,0,Yes,Co,0.057135639,Cu,0.123215493,0
PEDMER_clean,4.87431,3.86596,4.87431,1.94999,1030.99,528.717,0,0,0.5166,0.264924,0,Yes,Cu,0.18963661,Cu,0.18963661,0
PEJRON_clean,3.5787,3.03358,3.5787,1.42754,0,0,11.3935,7.98121,0.367,0.257086,0,No,Co,0.045507506,Co,0.045507506,0
PENZUE_clean,3.89114,3.09221,3.89114,1.63624,0,0,101.898,62.2762,0.4122,0.25192,0,No,Zn,0.133705116,Zn,0.133705116,0
PEPLEC_clean,7.22831,6.81306,7.22831,1.03011,1642,1594,0,0,0.618,0.599935,0,No,V,0.110236025,V,0.110236025,0
PEPLIG_clean,6.77242,6.39006,6.75097,1.04905,1614.89,1539.38,0,0,0.6148,0.586054,0,No,V,0.110236025,V,0.110236025,0
PEPLOM_clean,5.48105,5.23227,5.47438,1.20095,1296.27,1079.37,0,0,0.5572,0.463966,0,No,V,0.110236025,V,0.110236025,0
PEPXIS_clean,2.78739,2.47168,2.76127,1.89348,0,0,0,0,0.4184,0.220968,0,No,Zn,0.176518074,Zn,0.176518074,0
PEQHOK_clean,5.24132,2.5764,5.23812,1.47722,0,0,558.153,377.841,0.4612,0.312208,0,No,Co,0.131509033,Co,0.131509033,0
PEVJOQ_clean,2.98563,2.46263,2.98563,1.53361,0,0,0,0,0.3724,0.242825,0,No,Cd,0.095117461,Cd,0.095117461,0
PEVPUD_clean,14.95299,7.91451,14.95299,0.594947,2180.68,3665.34,0,0,0.8226,1.38264,0,No,Zn,0.17119239,Zn,0.17119239,0
PEVQAK_clean,14.88407,7.88772,14.87495,0.602423,2214.42,3675.85,0,0,0.819,1.35951,0,No,Zn,0.17119239,Zn,0.17119239,0
PEVQEO_clean,14.84098,7.95223,14.84098,0.610855,2196.54,3595.85,0,0,0.8028,1.31422,0,No,Zn,0.169847519,Zn,0.169847519,0
PEVQOY_clean_h,14.80942,7.88362,14.80084,0.613708,2232.3,3637.4,0,0,0.8108,1.32115,0,No,Zn,0.169847519,Zn,0.169847519,0
PIYZAZ_clean,7.00061,5.66568,7.00061,1.03548,2663.91,2572.62,0,0,0.7414,0.715993,0,No,Cd,0.350291042,Cd,0.350291042,0
POBYAH_charged,5.61208,3.90993,5.47281,3.11106,1121.22,360.397,0,0,0.4562,0.146638,0,No,Ni,0.117506494,W,0.552082358,0
PODWIQ_clean,6.85777,3.8098,6.85777,2.26549,293.451,129.531,0,0,0.368,0.162438,0,Yes,Cu,0.099570365,Cu,0.099570365,0
POJTOY01_clean,2.78157,2.47684,2.78157,1.75623,0,0,0,0,0.3652,0.207945,0,No,Fe,0.118335735,Fe,0.118335735,0
POJTUE_clean,2.98206,2.71894,2.98206,1.58829,0,0,0,0,0.425,0.267584,0,No,Fe,0.118335735,Fe,0.118335735,0
POVXII_clean,4.522,2.81232,4.46146,1.57551,0,0,327.166,207.657,0.4076,0.25871,0,No,Mn,0.160628121,Mn,0.160628121,0
POZKUL_clean,3.2008,2.70535,3.2008,3.45761,0,0,0,0,0.4114,0.118984,0,Yes,Sn,0.18353854,Au,0.609063373,0
PUSXIL01_charged,6.70445,4.13478,6.70445,1.22085,1600.77,1311.19,0,0,0.607,0.497195,0,Yes,Zn,0.136522425,Zn,0.136522425,0
QESYOD_clean,7.06657,4.49673,7.06657,1.70049,1062.54,624.842,0,0,0.5092,0.299443,0,No,Cu,0.097873759,Cu,0.097873759,0
QEZZOL_clean,6.25588,3.45747,6.04611,1.73068,941.451,543.977,0,0,0.483,0.279081,0,Yes,Cu,0.16799467,W,0.324008227,0
QISRIV_clean,4.70587,2.5965,4.70195,1.749,0,0,206.61,118.131,0.429,0.245283,0,No,Mo,0.083560923,Rh,0.358473313,0
QODHUO_clean,7.01702,3.80696,7.00767,1.33459,1022.86,766.423,0,0,0.4802,0.35981,0,Yes,Ag,0.12835212,Ag,0.12835212,0
QOPCII_charged,3.39537,3.00138,3.37061,2.11237,0,0,7.42787,3.51637,0.338,0.16001,0,No,Mn,0.143848611,Mn,0.143848611,0
QOTWON_clean,4.80342,2.47987,4.79488,1.41344,0,0,758.663,536.75,0.4862,0.343984,0,No,Mn,0.175845357,Mn,0.175845357,0
QUGPAJ_charged,9.18799,6.4755,9.18799,2.98549,918.453,307.639,0,0,0.4726,0.158299,0,Yes,Nd,0.062453617,Re,0.483741242,0
REXCII_clean,8.08493,5.70512,8.08493,1.37969,1708.34,1238.2,0,0,0.6152,0.445897,0,No,Zn,0.061981794,Zn,0.061981794,0
REXCOO_clean,8.77219,5.8473,8.77219,1.32352,1734.33,1310.39,0,0,0.6516,0.492323,0,No,Zn,0.061981794,Zn,0.061981794,0
REXCUU_clean,8.63785,5.56771,8.63785,1.36162,1719.14,1262.57,0,0,0.6254,0.459305,0,No,Zn,0.061981794,Zn,0.061981794,0
REXDAB_clean,10.30851,5.62434,10.27466,1.28435,1767.21,1375.95,0,0,0.652,0.507649,0,No,Zn,0.061981794,Zn,0.061981794,0
REXDEF_clean,8.48446,5.31586,8.48446,1.36884,1680.23,1227.48,0,0,0.6354,0.464188,0,No,Zn,0.061981794,Zn,0.061981794,0
REXDIJ_clean,8.90631,7.09895,8.90631,1.2857,1723.1,1340.2,0,0,0.6524,0.507429,0,No,Zn,0.061981794,Zn,0.061981794,0
REXDOP_clean,10.39698,6.23971,7.4603,1.26275,1736.17,1374.91,0,0,0.6598,0.522512,0,No,Zn,0.061981794,Zn,0.061981794,0
REXDUV_clean,8.6384,5.67843,8.6331,1.35953,1719.61,1264.86,0,0,0.6318,0.464721,0,No,Zn,0.061981794,Zn,0.061981794,0
REXFAD_clean,8.37909,6.69323,8.37909,1.32806,1739.82,1310.04,0,0,0.6402,0.482057,0,Yes,Zn,0.061981794,Zn,0.061981794,0
REXFEH_clean,9.20954,5.96123,9.20203,1.33437,1715.88,1285.91,0,0,0.627,0.469885,0,No,Zn,0.061981794,Zn,0.061981794,0
REXFIL_clean,8.77344,5.77864,8.77344,1.35848,1719.23,1265.56,0,0,0.6372,0.469054,0,Yes,Zn,0.061981794,Zn,0.061981794,0
REXFOR_clean,8.55578,6.22037,8.55578,1.35087,1711.36,1266.85,0,0,0.6414,0.474804,0,No,Zn,0.061981794,Zn,0.061981794,0
REXFUX_clean,8.11172,6.18424,8.11172,1.35522,1728.2,1275.22,0,0,0.6386,0.471215,0,No,Zn,0.061981794,Zn,0.061981794,0
RONCIG_clean,9.09448,7.62606,9.09448,1.45289,1203.19,828.136,0,0,0.5812,0.400029,0,Yes,Gd,0.246982029,Cu,0.149711161,0
RONZID_clean,6.44623,4.93162,6.4436,1.11083,2786.39,2508.38,0,0,0.7422,0.668147,0,Yes,Cd,0.341787777,Cd,0.341787777,0
RULQIY_clean,8.44935,6.89767,8.44935,1.57222,1115.58,709.56,0,0,0.577,0.366998,0,Yes,Yb,0.265210788,Cu,0.146087012,0
RUTPAY01_clean,12.27499,7.40141,12.2697,0.921669,1887.7,2048.13,0.575539,0.624453,0.7074,0.767521,0,Yes,Zn,0.095143684,Pd,0.116150094,0
RUVKAV_clean,11.95152,7.15447,11.95152,0.601684,2230,3706.27,0,0,0.7794,1.29537,0,Yes,Cu,0.12674927,Cu,0.12674927,0
SADMIV_clean,3.01628,2.78558,3.01628,1.5669,0,0,0,0,0.4248,0.271109,0,No,Fe,0.118335735,Fe,0.118335735,0
SAHYIK_clean,14.95386,7.83064,14.95386,0.604717,2240.89,3705.69,0,0,0.8072,1.33484,0,No,Zn,0.169847519,Zn,0.169847519,0
SAHYOQ_clean,15.08364,7.95598,15.08364,0.589708,2220.72,3765.8,0,0,0.8102,1.3739,0,No,Zn,0.169847519,Zn,0.169847519,0
SAHYOQ02_clean,15.09297,7.93903,15.09297,0.58909,2229.91,3785.36,0,0,0.8032,1.36346,0,No,Zn,0.169847519,Zn,0.169847519,0
SAHYOQ03_clean,15.06405,7.94237,15.06405,0.591684,2234.11,3775.85,0,0,0.8006,1.35309,0,No,Zn,0.169847519,Zn,0.169847519,0
SAHYOQ04_clean,15.0871,7.93521,15.08299,0.589515,2239.12,3798.24,0,0,0.802,1.36044,0,No,Zn,0.169847519,Zn,0.169847519,0
SAHYOQ05_clean,15.08874,7.90748,15.08561,0.589515,2194.02,3721.74,0,0,0.803,1.36214,0,No,Zn,0.169847519,Zn,0.169847519,0
SAPJIE_charged,4.07878,3.01558,4.0712,1.76057,0,0,42.2277,23.9852,0.402,0.228335,0,No,Al,0.043046145,Zn,0.208613528,0
SARNOQ_clean,9.2766,6.16862,9.2766,1.10826,1838.17,1658.6,0,0,0.6536,0.589751,0,No,Zn,0.121746385,Zn,0.121746385,0
SATNOR_clean,11.52913,10.81966,11.52739,1.18057,1555.98,1317.99,0,0,0.6344,0.537369,0,Yes,Co,0.188910005,Co,0.188910005,0
SATNOR01_clean,11.53388,10.83707,11.53388,1.17669,1573.92,1337.58,0,0,0.6396,0.543558,0,Yes,Co,0.188910005,Co,0.188910005,0
SEGBIR_clean,10.04679,9.57778,10.04679,1.2245,885.139,722.858,0,0,0.519,0.423847,0,Yes,Cu,0.082350593,Cu,0.082350593,0
SEGBOX_clean,10.01901,9.53028,10.01901,1.22461,851.889,695.639,0,0,0.5302,0.432953,0,Yes,Cu,0.082350593,Cu,0.082350593,0
SIRZUQ_clean,6.19917,3.14657,6.19917,1.64949,0,0,288.592,174.958,0.4238,0.256928,0,Yes,Cd,0.147663684,Cd,0.147663684,0
SODKON_clean,3.18719,2.69793,3.18719,2.69693,0,0,0,0,0.3788,0.140456,0,No,Cu,0.119636507,Cu,0.119636507,0
SONVAT_neutral_b,13.18133,6.56576,13.18133,0.88151,2137.18,2424.45,0,0,0.7168,0.81315,0,Yes,Cu,0.157585406,Cu,0.157585406,0
SONVEX_neutral_b,13.20026,6.62162,13.20026,0.879921,2126.12,2416.26,0,0,0.7172,0.815073,0,Yes,Cu,0.157585406,Cu,0.157585406,0
SONVIB_neutral_b,13.19327,6.63983,13.19327,0.881013,2113.29,2398.7,0,0,0.7204,0.817695,0,Yes,Cu,0.157585406,Cu,0.157585406,0
SOYWOT_neutral_b,13.17245,6.57882,13.17245,0.881994,2147.64,2434.99,0,0,0.7166,0.812478,0,Yes,Cu,0.157585406,Cu,0.157585406,0
SUJNUH_clean,7.55155,6.59808,7.55155,1.24948,986.433,789.474,0,0,0.5334,0.426897,0,Yes,Cu,0.114405773,Cu,0.114405773,0
TAFCIO_clean,5.00686,2.87014,4.8705,1.5848,0,0,192.95,121.751,0.3888,0.245331,0,No,Co,0.045663597,Co,0.045663597,0
TAKYEL_clean,7.08068,3.12698,7.08068,1.56884,0,0,572.755,365.082,0.49,0.312333,0,Yes,Eu,0.206563818,Co,0.120161343,0
TAKYOV_clean,7.07022,3.04881,7.07022,1.61174,0,0,575.318,356.955,0.4874,0.302407,0,Yes,Dy,0.217766594,Co,0.118464747,0
TANBOZ_clean,6.76714,4.26504,6.76714,1.06143,2653.84,2500.25,0,0,0.7164,0.674939,0,Yes,Cu,0.309759878,Cu,0.309759878,0
TARWAK_clean,5.7222,5.11854,5.62643,1.61442,844.237,522.933,0,0,0.433,0.268207,0,Yes,Cu,0.120955677,Cu,0.120955677,0
TARWEO_clean,5.90162,5.41792,5.90162,1.76228,855.544,485.476,0,0,0.4612,0.261707,0,Yes,Cd,0.18041027,Cd,0.18041027,0
TAXHUX_clean,3.51407,3.06361,3.50906,1.66232,0,0,17.8072,10.7122,0.4476,0.269262,0,No,Zn,0.166096042,Zn,0.166096042,0
TEDGOA_clean,8.51326,7.7807,8.51326,0.69107,2386.95,3453.99,0,0,0.7586,1.09772,0,No,Zn,0.094867189,Zn,0.094867189,0
TERFIH_clean,8.67393,6.18537,8.67393,1.20336,1858,1544,0,0,0.6538,0.543311,0,Yes,Zn,0.113335171,Ir,0.333205056,0
TIKXER_clean,3.09349,2.55371,3.08016,2.26283,0,0,0,0,0.3132,0.138411,0,Yes,Eu,0.27744124,Cu,0.116016168,0
TIVXOM_charged,5.78959,4.20151,5.78959,1.67755,480.697,286.547,0,0,0.428,0.255134,0,Yes,Ag,0.12451472,Ag,0.12451472,0
TOTVUV_clean,3.89085,3.14087,3.89085,2.64196,0,0,146.899,55.6025,0.3742,0.141637,0,Yes,Cd,0.263990869,Cd,0.263990869,0
TOVJAP_charged,4.47668,3.46305,4.46299,1.95257,333.013,170.551,90.5462,46.3727,0.4092,0.209569,0,Yes,V,0.258687226,Fe,0.035448476,0
TOWLOI_clean,5.17624,2.79106,5.17556,1.37437,0,0,501.879,365.169,0.4822,0.350851,0,No,Fe,0.115238897,Fe,0.115238897,0
TOWPAY_clean,10.36333,5.51503,6.36146,0.959971,1250.02,1302.14,591.404,616.064,0.659,0.686479,0,No,Fe,0.109371328,Fe,0.109371328,0
TUDHUW_clean,11.4017,3.42736,11.39228,0.925393,1483.59,1603.2,0,0,0.6498,0.702188,0,No,Zn,0.143644321,Zn,0.143644321,0
TUDJAE_clean,11.47947,3.55374,11.46823,0.907068,1523.5,1679.59,0,0,0.6564,0.72365,0,No,Zn,0.143644321,Zn,0.143644321,0
TUDJEI_clean,11.45765,3.52097,11.45765,0.912862,1514.71,1659.3,0,0,0.6552,0.717742,0,No,Zn,0.143644321,Zn,0.143644321,0
TUDJIM_clean,11.39757,3.44135,11.3863,0.926734,1496.33,1614.63,0,0,0.6498,0.701172,0,No,Zn,0.143644321,Zn,0.143644321,0
TUDJOS_clean,11.48826,3.97011,11.48826,0.911585,1583.78,1737.39,0,0,0.6576,0.721381,0,No,Zn,0.143644321,Zn,0.143644321,0
TUDJUY_clean,11.45685,3.50876,11.41272,0.916244,1516.85,1655.51,0,0,0.6546,0.714439,0,No,Zn,0.143644321,Zn,0.143644321,0
TUDKAF_clean,11.49204,3.53756,11.48138,0.908061,1519.08,1672.88,0,0,0.6552,0.721538,0,No,Zn,0.143644321,Zn,0.143644321,0
TUDKEJ_clean,11.41556,3.45595,11.40616,0.924356,1492.99,1615.17,0,0,0.6502,0.703409,0,No,Zn,0.143644321,Zn,0.143644321,0
UFANEV_charged,6.18124,5.40961,6.18124,1.34624,1415.98,1051.8,0,0,0.542,0.402602,0,No,Ag,215.7364,Ag,215.7364,0
UJOWIA_charged,3.533,2.44731,3.533,1.41822,0,0,11.4515,8.07454,0.4242,0.299107,0,No,Co,0.10767885,W,0.167950169,0
UKULOB_clean,3.82761,3.2197,3.73471,2.17209,0,0,123.745,56.9706,0.3964,0.182497,0,Yes,Fe,0.122536059,Ag,0.473372516,0
UKULOB01_clean,3.80006,3.21073,3.67546,2.09728,0,0,130.666,62.3029,0.4118,0.19635,0,Yes,Fe,0.122536059,Ag,0.473372516,0
UKUMAO_clean,3.76852,3.23056,3.72223,3.06841,0,0,99.8887,32.5539,0.4034,0.131469,0,Yes,Fe,0.088091914,Au,0.621404316,0
UKUMAO01_clean,3.71518,3.2095,3.58844,2.99592,0,0,81.8788,27.3301,0.4,0.133515,0,Yes,Fe,0.088091914,Au,0.621404316,0
UMELUU_clean,3.32541,2.55721,3.30773,2.40288,0,0,0.208043,0.0865805,0.4438,0.184695,0,Yes,Cd,0.250407641,Cd,0.250407641,0
UMEMAB_clean,2.96798,2.50943,2.96719,2.54393,0,0,0,0,0.4088,0.160696,0,Yes,Cd,0.250407641,Cd,0.250407641,0
UMORIY_clean,3.159,2.5135,3.159,2.44096,0,0,0,0,0.4376,0.179273,0,Yes,Cd,0.250407641,Cd,0.250407641,0
UMUXAC_clean,6.25561,4.08308,6.25561,2.75236,376.547,136.809,0,0,0.4264,0.154921,0,Yes,Cu,0.133205661,Cu,0.133205661,0
UNIGEE_clean,14.93053,7.82687,14.92608,0.605547,2221.53,3668.64,0,0,0.8002,1.32145,0,No,Zn,0.169847519,Zn,0.169847519,0
UVINAP_clean,4.33279,3.86236,4.33279,1.23597,436.504,353.166,0,0,0.445,0.36004,0,No,Co,0.061463884,Co,0.061463884,0
UYAQAN_clean,7.19018,5.3716,7.19018,1.13147,742.019,655.8,0,0,0.4556,0.402661,0,No,Mg,0.02446052,Mg,0.02446052,0
UYAQER_clean,7.13794,5.63767,7.13794,1.22808,769.847,626.871,0,0,0.4562,0.371475,0,No,Zn,0.06077383,Zn,0.06077383,0
VACFUB_clean_h,8.50715,8.34107,8.50715,1.18054,1091.35,924.448,0,0,0.5186,0.439291,0,No,Zn,0.10559263,Zn,0.10559263,0
VACFUB01_clean,8.53124,8.3704,8.53124,1.18192,1047.12,885.95,0,0,0.5384,0.455532,0,No,Zn,0.10559263,Zn,0.10559263,0
VATXEU_clean,7.38612,5.95802,7.38612,2.25172,1314.88,583.946,0,0,0.537,0.238485,0,No,U,0.259814961,U,0.259814961,0
VAZTOG_clean,15.08014,7.93969,15.07583,0.589901,2233.7,3786.57,0,0,0.8002,1.3565,0,No,Zn,0.169847519,Zn,0.169847519,0
VEHROR_charged,9.13073,3.34226,9.11823,1.31035,1146.74,875.134,0,0,0.574,0.438049,0,No,La,0.180130649,La,0.180130649,0
VIRPOC_clean,7.89373,4.43058,7.89373,1.31415,1678.47,1277.23,0,0,0.6094,0.463722,0,Yes,Ni,0.222179741,Ni,0.222179741,0
VISTOG_clean,4.99734,2.98288,4.99734,1.87105,0,0,1016.52,543.287,0.591,0.315866,0,Yes,Cd,0.348146649,Cd,0.348146649,0
VISTUM_clean,3.90076,3.50208,3.90076,1.91514,365.822,191.016,0,0,0.4562,0.238207,0,Yes,Cd,0.266156833,Cd,0.266156833,0
VIZRIH_clean,5.68106,4.30035,5.67077,1.59459,463.928,290.94,0,0,0.436,0.273425,0,Yes,Zn,0.108752786,Zn,0.108752786,0
VURMOL_clean,13.72369,6.45196,13.7204,0.685669,2254.72,3288.35,0,0,0.7834,1.14253,0,Yes,Zn,0.160459043,Zn,0.160459043,0
VUSKAW_clean,14.98828,7.97019,14.98828,0.594675,2204.82,3707.61,0,0,0.8008,1.34662,0,No,Zn,0.169847519,Zn,0.169847519,0
VUSKEA_clean,14.99758,7.99679,14.99758,0.594675,2192.84,3687.46,0,0,0.8014,1.34763,0,No,Zn,0.169847519,Zn,0.169847519,0
VUSQIK_charged,5.07837,4.30344,5.07804,3.66199,829.428,226.497,0,0,0.418,0.114146,0,Yes,Ni,117.3868,Ni,117.3868,0
WABTOK_clean,4.92775,3.91462,4.90973,1.78273,1357.93,761.713,0,0,0.5942,0.333308,0,Yes,Cd,0.264276355,Cd,0.264276355,0
WAHMEY01_clean_h,4.18023,2.43289,4.18023,2.50709,0,0,28.4447,11.3457,0.3594,0.143354,0,Yes,Fe,0.073280272,Au,0.516922329,0
WAHREE_clean,4.96921,2.85009,4.89676,1.60709,0,0,182.972,113.853,0.387,0.240807,0,No,Co,0.045663597,Co,0.045663597,0
WICGEV_clean,4.986,4.06891,4.90495,1.61194,943.479,585.307,0,0,0.463,0.287232,0,No,Mn,0.189478062,Mn,0.189478062,0
WIHVAL_clean,4.98172,4.06866,4.90588,1.61186,947.448,587.799,0,0,0.4852,0.301019,0,No,Mn,0.189478062,Mn,0.189478062,0
WIHVEP_clean,4.98664,4.03769,4.97035,1.60991,948.127,588.931,0,0,0.473,0.293805,0,No,Mn,0.189478062,Mn,0.189478062,0
WIZFES_clean,5.50766,4.70454,5.4824,2.45051,737.964,301.147,0,0,0.3958,0.161517,0,Yes,Cd,0.232729155,Cd,0.232729155,0
WOBHIF_clean,11.56233,10.79499,11.34783,1.26386,1614.64,1277.55,0,0,0.653,0.516673,0,Yes,Zn,0.201257165,Zn,0.201257165,0
WOBHIF01_clean,11.56097,10.76086,11.56026,1.25104,1619.08,1294.19,0,0,0.6542,0.522924,0,Yes,Zn,0.201257165,Zn,0.201257165,0
WOMFIO_charged,7.57197,7.44682,7.57197,1.26544,1249.19,987.162,0,0,0.5496,0.434316,0,No,Mn,0.12098863,Mn,0.12098863,0
WONXIH_clean,3.7089,3.2937,3.66569,2.15556,0,0,99.9572,46.3717,0.3524,0.163484,0,Yes,Gd,0.284347763,Cu,0.114907237,0
WUQRAC_clean_h,9.73254,3.21457,9.72542,1.00665,0,0,823.414,817.976,0.534,0.530473,0,No,Nb,0.08464252,Fe,0.101755381,0
XAKQIL_clean,3.43745,2.67531,3.43745,1.3324,0,0,2.3891,1.79308,0.4116,0.308916,0,No,Co,0.056729459,Co,0.056729459,0
XALTEK_clean,4.31419,3.00244,4.31419,2.12624,0,0,570.547,268.336,0.529,0.248796,0,Yes,Cu,0.256106557,Au,0.396912707,0
XAMDUM_clean,13.20706,6.72961,13.20706,0.879722,2074.04,2357.61,0,0,0.7196,0.817985,0,Yes,Cu,0.157585406,Cu,0.157585406,0
XAMDUM01_clean,13.18662,6.72456,13.18662,0.882605,2071.54,2347.07,0,0,0.7186,0.81418,0,Yes,Cu,0.157585406,Cu,0.157585406,0
XAMDUM02_clean,13.17767,6.71826,13.17767,0.884458,2085.56,2358,0,0,0.7192,0.813153,0,Yes,Cu,0.157585406,Cu,0.157585406,0
XAMDUM03_clean,13.16192,6.69067,13.16192,0.887821,2084.01,2347.33,0,0,0.7178,0.808496,0,Yes,Cu,0.157585406,Cu,0.157585406,0
XAMDUM04_clean,12.94074,6.40333,12.94074,0.919994,2127.62,2312.64,0,0,0.711,0.772831,0,Yes,Cu,0.157585406,Cu,0.157585406,0
XAMDUM05_clean,13.11018,6.61787,13.11018,0.895381,2105.3,2351.29,0,0,0.717,0.800776,0,Yes,Cu,0.157585406,Cu,0.157585406,0
XAMDUM06_clean,13.1663,6.64621,13.1663,0.88326,2088.66,2364.72,0,0,0.7192,0.814256,0,Yes,Cu,0.157585406,Cu,0.157585406,0
XAMDUM07_clean,13.23294,6.7383,13.23294,0.874739,2071.26,2367.87,0,0,0.7194,0.822417,0,Yes,Cu,0.157585406,Cu,0.157585406,0
XANLUV_clean,13.12173,9.2255,12.17294,0.567489,2205.76,3886.88,0,0,0.81,1.42734,0,No,Zn,0.145609067,Zn,0.145609067,0
XANMIJ_clean,6.91782,5.66055,6.91782,1.1601,1892.28,1631.14,0,0,0.5818,0.50151,0,No,Co,0.102086817,Co,0.102086817,0
XAZGEK_clean,4.67162,3.9585,4.53755,1.49862,1406.73,938.683,116.154,77.5075,0.6196,0.413447,0,Yes,Ag,0.303063218,Ag,0.303063218,0
XEHTUB_clean,3.58584,2.84872,3.48749,2.39414,0,0,31.7227,13.2501,0.3636,0.151871,0,Yes,Cd,0.217853634,Cd,0.217853634,0
XEKDUO_clean,2.97586,2.74524,2.97586,1.90357,0,0,0,0,0.328,0.172308,0,Yes,Co,0.124477234,Co,0.124477234,0
XEWRUO_clean,3.53274,2.72431,3.53274,2.12823,0,0,17.0522,8.01239,0.4242,0.199321,0,Yes,Cd,0.203275878,Cd,0.203275878,0
XEXNEV_clean,4.91208,2.62071,4.90831,1.53893,0,0,162.017,105.279,0.37,0.240427,0,No,Co,0.049746119,Co,0.049746119,0
XIGHAX_clean,9.42856,6.02587,9.42856,1.28204,1741.22,1358.17,0,0,0.657,0.512466,0,No,Zn,0.061981794,Zn,0.061981794,0
XIGHIF_clean,9.11851,6.40194,9.11851,1.31172,1721.81,1312.64,0,0,0.6494,0.495075,0,No,Zn,0.061981794,Zn,0.061981794,0
XIPBOO_clean,7.07028,3.0369,7.07001,1.58944,0,0,593.436,373.361,0.489,0.307655,0,Yes,Gd,0.212224169,Co,0.119304115,0
XOHFIK_clean,4.90275,3.92264,4.8924,1.62483,883.153,543.535,0,0,0.4634,0.285199,0,No,Mn,0.189478062,Mn,0.189478062,0
XOHJUA_clean,3.5863,3.06344,3.56472,2.10142,0,0,35.0676,16.6876,0.3482,0.165697,0,Yes,La,0.259793983,Cu,0.118849664,0
XOSQUR_ion_b,4.37136,2.79578,4.20428,2.76683,0,0,193.203,69.8283,0.372,0.13445,0,No,Zn,0.223340105,Zn,0.223340105,0
XUJCUB_clean,2.60783,2.43081,2.60783,1.89856,0,0,0,0,0.3084,0.162439,0,No,Ni,0.136033512,Ni,0.136033512,0
XUNJIA_clean,3.16551,2.86382,3.16389,1.7582,0,0,0,0,0.3602,0.204868,0,No,Mn,0.149015472,Mn,0.149015472,0
XUNJOG_clean,3.24837,2.67373,3.2421,1.73775,0,0,0,0,0.3756,0.216142,0,No,Mn,0.149015472,Mn,0.149015472,0
YACHUH_clean,3.30647,2.47176,3.30585,1.79254,0,0,0,0,0.371,0.206969,0,Yes,Yb,0.224452298,Co,0.038220379,0
YAQZAT_ion_b,3.82212,2.95877,3.8032,2.64058,0,0,118.472,44.8659,0.4356,0.164964,0,No,U,0.283297324,U,0.283297324,0
YAQZEX_ion_b,6.27416,3.36666,5.79622,3.07979,293.774,95.3877,263.852,85.6718,0.4598,0.149296,0,No,U,0.335660063,U,0.335660063,0
YARYEV_clean,5.64641,4.02417,5.64641,1.12294,2187.12,1947.67,0,0,0.6948,0.618733,0,No,Cd,0.309712863,Cd,0.309712863,0
YAWFEI_charged,4.87237,4.21817,4.85139,1.59832,794.764,497.251,0,0,0.4888,0.305822,0,Yes,Cd,0.234478184,Cd,0.234478184,0
YEGDAR_clean,4.49428,2.55528,4.47827,1.34283,0,0,98.3884,73.2697,0.3918,0.291773,0,No,Mn,0.063436402,Mn,0.063436402,0
YEMLUY_charged,6.12904,5.80783,6.12904,1.94195,358.184,184.445,0,0,0.335,0.172507,0,No,Co,0.13703449,Co,0.13703449,0
YERJEL_clean,3.48706,2.52405,3.47298,1.36018,0,0,16.7536,12.3172,0.4112,0.302313,0,No,Ni,0.062294733,Ni,0.062294733,0
YEYBOV_clean,4.79846,4.18132,4.79846,1.50434,519.528,345.352,0,0,0.4416,0.29355,0,No,Ba,0.089442628,Ba,0.089442628,0
YIWLEV_clean,6.84017,5.52979,6.84017,1.2226,2050,1676.76,0,0,0.7014,0.573697,0,No,Cd,0.325918295,Cd,0.325918295,0
YIWLOF_clean,6.83617,5.41603,6.83617,1.24426,2039.57,1639.19,0,0,0.6978,0.560817,0,No,Cd,0.325918295,Cd,0.325918295,0
YIWMEW_clean,5.71951,3.80264,5.71876,1.30733,2035.3,1556.84,0,0,0.6656,0.509129,0,Yes,Cd,0.325918295,Cd,0.325918295,0
YIWMIA_clean,6.63746,4.87617,6.36212,1.27523,2046.38,1604.72,0,0,0.6792,0.53261,0,Yes,Cd,0.325918295,Cd,0.325918295,0
YIXYUB_clean,7.99703,7.36677,7.98615,1.64643,944.835,573.867,0,0,0.4756,0.288867,0,No,Cd,0.176981426,Cd,0.176981426,0
YIXZAI_clean,7.92995,7.28051,7.92995,1.6586,940.685,567.157,0,0,0.461,0.277946,0,No,Cd,0.176981426,Cd,0.176981426,0
YOCLEJ_clean,13.16813,6.65727,13.16813,0.881908,2114.87,2398.07,0,0,0.7196,0.815958,0,Yes,Cu,0.157585406,Cu,0.157585406,0
YOCLIN_clean,13.22354,6.67449,13.22354,0.8764,2113.41,2411.46,0,0,0.7206,0.822227,0,Yes,Cu,0.157585406,Cu,0.157585406,0
YOMBAE_charged,6.37722,4.1401,6.36865,1.48117,1573.92,1062.62,0,0,0.5824,0.393204,0,No,Cu,0.049351803,Mo,0.372588796,0
YUBFUX_clean,4.57585,3.63617,4.57585,1.78706,374.719,209.685,0,0,0.4068,0.227636,0,No,Zn,0.181116659,Zn,0.181116659,0
YUKBIP_clean,7.45539,5.14112,7.45539,1.50868,778.831,516.234,0,0,0.462,0.306228,0,No,Al,0.080306891,Al,0.080306891,0
YUKBIP01_clean,5.75762,4.94698,5.75762,1.54223,644.913,418.169,0,0,0.4546,0.294768,0,No,Al,0.080306891,Al,0.080306891,0
ZABQIC_ion_b,12.00373,11.11993,12.00373,0.767386,1559.55,2032.28,0,0,0.672,0.8757,0,Yes,Ag,0.081625864,Ag,0.081625864,0
ZAYKAN_charged,4.54951,3.26187,4.36618,3.87552,0,0,451.41,116.477,0.3896,0.100528,0,No,Nd,0.081751836,W,0.625168437,0
ZAYKER_charged,3.47997,2.43042,3.47406,3.86923,0,0,6.34612,1.64015,0.3872,0.100072,0,No,Sm,0.084924851,W,0.623008162,0
ZONBAH_clean,3.78181,3.08,3.75897,1.74272,0,0,98.3253,56.4206,0.4288,0.246052,0,No,Zr,0.168099683,Zr,0.168099683,0
ZONCAI_charged,3.54659,3.02102,3.54659,1.53387,0,0,14.2196,9.27041,0.3156,0.205754,0,No,Na,0.046846311,Zn,0.13322499,0
JEGCAA_clean,6.3181,4.02039,6.05808,1.62339,661.239,407.32,0,0,0.3936,0.242456,0,Yes,Zn,0.157547484,Zn,0.157547484,0
LAZXIV_clean,10.90811,7.24269,10.90811,0.858102,2105.18,2453.3,0,0,0.7086,0.825776,0,Yes,Cu,0.18695902,Cu,0.18695902,0
jacs.6b01663_ja6b01663_si_002_clean,24.65699,17.09587,24.65699,0.438285,1508.06,3440.83,0,0,0.8424,1.92204,0.000456324,Yes,Zr,0.244169053,Zr,0.244169053,0
LACNUB_clean,10.94579,5.16973,10.93074,0.864094,1771.17,2049.74,0.852229,0.986269,0.6286,0.727467,0,Yes,Cu,0.065788329,Cu,0.065788329,0
KAFTUI_clean,5.18489,3.11952,5.15884,1.51856,0,0,476.848,314.012,0.4642,0.305683,0,Yes,Zn,0.076805905,Zn,0.076805905,0
GITTUZ_clean,10.85901,8.03964,10.85901,1.03314,1392.4,1347.74,0,0,0.6084,0.588883,0,No,Zn,0.093502853,Zn,0.093502853,0
WOJGEI_clean,11.00642,3.49367,11.00642,1.11992,1472.25,1314.6,0,0,0.6212,0.554682,0,No,Zn,0.244988197,Zn,0.244988197,0
TOHDAX_clean,7.20792,4.54762,7.18428,2.94358,462.695,157.188,0,0,0.3644,0.123795,0,No,Zn,0.04308737,Zn,0.04308737,0
TOHDEB_clean,7.22857,4.58038,7.22827,2.56605,434.366,169.274,0,0,0.3352,0.130629,0,No,Zn,0.052101222,Zn,0.052101222,0
TOHDIF_clean,7.9584,4.37442,7.95588,1.6586,595.351,358.948,0,0,0.3912,0.235862,0,Yes,Zn,0.076151385,Zn,0.076151385,0
EHETER02_clean,6.13263,4.26006,6.13263,1.22774,976.225,795.139,0,0,0.4836,0.393894,0,No,Zn,0.184110928,Zn,0.184110928,0
BIBXUH_clean,14.73899,5.12647,14.73899,0.739806,2068.95,2796.6,0,0,0.7088,0.958089,0.00108136,No,Ni,0.124476271,Ni,0.124476271,0
BIBXOB_clean,19.69299,7.98654,19.69299,0.409554,1997.19,4876.5,0,0,0.826,2.01683,0.000488336,No,Ni,0.128834859,Ni,0.128834859,0
BIBXIV_clean,18.4936,4.06846,18.4936,0.9977,1657.17,1660.99,0,0,0.7322,0.733888,0,No,Ni,0.094125519,Ni,0.094125519,0
WOHTUK_clean,8.77393,5.62133,8.64409,1.0914,1046.66,959.008,13.2861,12.1735,0.5982,0.548106,0,Yes,Cu,0.192150029,Cu,0.192150029,0
EMAPAK_clean,11.21755,3.61918,11.21755,0.925375,1521.72,1644.44,0,0,0.637,0.688369,0,No,Zn,0.129461245,Zn,0.129461245,0
DIYKED_clean,4.3222,3.9714,4.30868,1.64821,471.45,286.037,0.0806433,0.0489277,0.4054,0.245963,0,No,Cd,0.151260391,Cd,0.151260391,0
RAKJIY_clean,7.34112,6.69192,7.3353,1.15393,1174.18,1017.55,55.3933,48.004,0.5396,0.467619,0,No,Cu,0.073366045,Cu,0.073366045,0
CIDLAE_clean,3.18792,2.4745,3.13545,2.76924,0,0,0,0,0.368,0.132889,0,No,Cu,0.035458426,Cu,0.035458426,0
OYODIQ_clean,10.86825,2.81795,10.86825,1.85304,0,0,1381.69,745.633,0.584,0.315157,0,Yes,Zn,0.201227432,Zn,0.201227432,0
FEHCIG_manual,7.75569,7.04294,7.74271,0.956692,1636.76,1710.86,0,0,0.6308,0.659355,0,No,Zn,0.057548967,Zn,0.057548967,0
WIYFAM_clean,9.09166,6.13483,9.09166,0.794129,2337.82,2943.87,0,0,0.7296,0.918742,0,Yes,Zn,0.106285785,Zn,0.106285785,0
HUDMIE_clean,8.55067,4.61783,8.54315,1.0423,1597.18,1532.36,0,0,0.6124,0.587545,0,Yes,Zn,0.153099695,Zn,0.153099695,0
HUDMOK_clean,10.65652,7.1324,10.54609,0.649476,2240.26,3449.33,0,0,0.7666,1.18034,0,Yes,Zn,0.153825884,Zn,0.153825884,0
ic502478u_si_003_clean,6.55769,3.80885,6.25374,1.35422,531.365,392.376,0.404029,0.298347,0.4662,0.344256,0,Yes,Cu,0.082793173,Cu,0.082793173,0
OCUNAC_manual,36.1506,14.04664,36.1506,0.427517,1422.73,3327.89,0,0,0.8368,1.95735,0,Yes,Cr,0.09975464,Cr,0.09975464,1
BOHJOZ_auto,7.4485,3.57263,7.4485,1.57117,1415.9,901.179,0,0,0.557,0.354513,0.000254588,No,Zr,0.143762627,Zr,0.143762627,1
ja500330a_si_009_auto,10.23354,4.21372,10.21937,1.02655,1874.68,1826.19,0,0,0.6604,0.643319,0,No,Zr,0.209912053,Zr,0.209912053,1
SICDAL_clean,2.83865,2.57119,2.83865,1.71176,0,0,0,0,0.3988,0.232977,0,No,Ga,0.129663655,Ga,0.129663655,1
cm901983a_si_001_clean,27.79726,11.16103,27.79599,0.630774,1349.52,2139.47,28.0221,44.4249,0.749,1.18743,0,Yes,Al,0.077388116,Al,0.077388116,1
PEYVEV_clean,8.8911,6.60199,8.13016,1.41868,1212.67,854.793,531.685,374.776,0.6316,0.445204,0,Yes,In,0.27489334,In,0.27489334,1
BOHKAM_clean,7.65165,3.33374,7.65165,1.74184,1303.21,748.177,0,0,0.5322,0.305538,0.000114821,No,Zr,0.169387543,Zr,0.169387543,1
ja500330a_si_006_auto,12.20585,6.15217,12.20585,0.793444,2143.73,2701.8,0,0,0.7068,0.8908,0.000252066,No,Zr,0.135223995,Zr,0.135223995,1
ja500330a_si_005_clean,6.34772,3.79741,5.91821,1.34881,2067.47,1532.8,0,0,0.5966,0.442315,0.000444835,Yes,Zr,0.135613579,Zr,0.135613579,1
WIZMAV_clean,12.96894,6.6809,12.96894,0.722585,2215.35,3065.86,0,0,0.7354,1.01774,0.000276784,No,Zr,0.246161485,Zr,0.246161485,1
ja500330a_si_007_auto,19.46238,14.48757,19.44715,0.798895,1320.38,1652.76,18.6426,23.3354,0.7758,0.971091,0.000500691,No,Zr,0.103600299,Zr,0.103600299,1
XICNOO_clean,19.61611,6.71064,19.54957,0.903297,1911.76,2116.42,0,0,0.747,0.826971,0.000221411,Yes,Zr,0.262482628,Zr,0.262482628,1
CELZUQ_clean,6.04113,3.76397,6.038,1.11974,1175.85,1050.11,0,0,0.5262,0.469931,0,No,Al,0.06643587,Al,0.06643587,1
BABRII_clean,16.97086,10.91918,16.97086,0.437369,1879.38,4297.01,0,0,0.8598,1.96585,0,No,Zn,0.146585848,Zn,0.146585848,1
ADUWIH_clean,9.28386,6.55138,8.99777,0.722123,2053.82,2844.14,0,0,0.7098,0.982935,0,Yes,Zn,0.211652202,Zn,0.211652202,1
XICYUF_clean,28.67887,6.71408,28.67887,0.993033,1674.12,1685.86,0,0,0.7044,0.709342,0.000201403,Yes,Zr,0.250529428,Zr,0.250529428,1
XICZAM_clean,19.52135,6.64584,19.52135,1.26176,1911.12,1514.64,0,0,0.7502,0.594564,0.000158508,Yes,Hf,0.406095182,Hf,0.406095182,1
XICYEP_SL,6.23549,4.07005,5.99515,1.80747,1927.34,1066.32,0,0,0.6084,0.336603,0.000442607,Yes,Hf,0.315623477,Hf,0.315623477,1
XICYIT_SL,6.2924,4.02189,6.26235,1.33234,1949.8,1463.44,0,0,0.6146,0.461294,0.000450336,Yes,Zr,0.233319249,Zr,0.233319249,1
